date,hour,station,ridership,day_of_week,is_weekend,is_peak,previous_hour_demand,previous_day_demand,rolling_3hr_demand,demand_change,hour_sin,hour_cos,day_sin,day_cos
2025-08-02,0,Benniganahalli,0,5,1,0,54.0,1.0,164.66666666666666,-54.0,0.0,1.0,-0.9749279121818236,-0.2225209339563146
2025-08-02,1,Benniganahalli,0,5,1,0,0.0,0.0,18.0,0.0,0.25881904510252074,0.9659258262890683,-0.9749279121818236,-0.2225209339563146
2025-08-02,2,Benniganahalli,0,5,1,0,0.0,0.0,0.0,0.0,0.49999999999999994,0.8660254037844387,-0.9749279121818236,-0.2225209339563146
2025-08-02,3,Benniganahalli,0,5,1,0,0.0,0.0,0.0,0.0,0.7071067811865476,0.7071067811865476,-0.9749279121818236,-0.2225209339563146
2025-08-02,4,Benniganahalli,24,5,1,0,0.0,34.0,8.0,24.0,0.8660254037844386,0.5000000000000001,-0.9749279121818236,-0.2225209339563146
2025-08-02,5,Benniganahalli,215,5,1,0,24.0,182.0,79.66666666666667,191.0,0.9659258262890683,0.25881904510252074,-0.9749279121818236,-0.2225209339563146
2025-08-02,6,Benniganahalli,483,5,1,0,215.0,427.0,240.66666666666666,268.0,1.0,6.123233995736766e-17,-0.9749279121818236,-0.2225209339563146
2025-08-02,7,Benniganahalli,1083,5,1,1,483.0,1239.0,593.6666666666666,600.0,0.9659258262890683,-0.25881904510252063,-0.9749279121818236,-0.2225209339563146
2025-08-02,8,Benniganahalli,1929,5,1,1,1083.0,3095.0,1165.0,846.0,0.8660254037844387,-0.4999999999999998,-0.9749279121818236,-0.2225209339563146
2025-08-02,9,Benniganahalli,2295,5,1,1,1929.0,3674.0,1769.0,366.0,0.7071067811865476,-0.7071067811865475,-0.9749279121818236,-0.2225209339563146
2025-08-02,10,Benniganahalli,1807,5,1,1,2295.0,2723.0,2010.3333333333333,-488.0,0.49999999999999994,-0.8660254037844387,-0.9749279121818236,-0.2225209339563146
2025-08-02,11,Benniganahalli,1819,5,1,0,1807.0,1529.0,1973.6666666666667,12.0,0.258819045102521,-0.9659258262890682,-0.9749279121818236,-0.2225209339563146
2025-08-02,12,Benniganahalli,1498,5,1,0,1819.0,1173.0,1708.0,-321.0,1.2246467991473532e-16,-1.0,-0.9749279121818236,-0.2225209339563146
2025-08-02,13,Benniganahalli,1424,5,1,0,1498.0,983.0,1580.3333333333333,-74.0,-0.2588190451025208,-0.9659258262890683,-0.9749279121818236,-0.2225209339563146
2025-08-02,14,Benniganahalli,1355,5,1,0,1424.0,1016.0,1425.6666666666667,-69.0,-0.4999999999999997,-0.8660254037844388,-0.9749279121818236,-0.2225209339563146
2025-08-02,15,Benniganahalli,1486,5,1,0,1355.0,944.0,1421.6666666666667,131.0,-0.7071067811865471,-0.7071067811865479,-0.9749279121818236,-0.2225209339563146
2025-08-02,16,Benniganahalli,1474,5,1,0,1486.0,1281.0,1438.3333333333333,-12.0,-0.8660254037844385,-0.5000000000000004,-0.9749279121818236,-0.2225209339563146
2025-08-02,17,Benniganahalli,1757,5,1,1,1474.0,1636.0,1572.3333333333333,283.0,-0.9659258262890683,-0.25881904510252063,-0.9749279121818236,-0.2225209339563146
2025-08-02,18,Benniganahalli,1549,5,1,1,1757.0,1819.0,1593.3333333333333,-208.0,-1.0,-1.8369701987210297e-16,-0.9749279121818236,-0.2225209339563146
2025-08-02,19,Benniganahalli,1598,5,1,1,1549.0,1901.0,1634.6666666666667,49.0,-0.9659258262890684,0.2588190451025203,-0.9749279121818236,-0.2225209339563146
2025-08-02,20,Benniganahalli,1283,5,1,1,1598.0,1306.0,1476.6666666666667,-315.0,-0.8660254037844386,0.5000000000000001,-0.9749279121818236,-0.2225209339563146
2025-08-02,21,Benniganahalli,907,5,1,0,1283.0,786.0,1262.6666666666667,-376.0,-0.7071067811865477,0.7071067811865474,-0.9749279121818236,-0.2225209339563146
2025-08-02,22,Benniganahalli,448,5,1,0,907.0,440.0,879.3333333333334,-459.0,-0.5000000000000004,0.8660254037844384,-0.9749279121818236,-0.2225209339563146
2025-08-02,23,Benniganahalli,57,5,1,0,448.0,54.0,470.6666666666667,-391.0,-0.25881904510252157,0.9659258262890681,-0.9749279121818236,-0.2225209339563146
2025-08-03,0,Benniganahalli,0,6,1,0,57.0,0.0,168.33333333333334,-57.0,0.0,1.0,-0.7818314824680299,0.6234898018587334
2025-08-03,1,Benniganahalli,0,6,1,0,0.0,0.0,19.0,0.0,0.25881904510252074,0.9659258262890683,-0.7818314824680299,0.6234898018587334
2025-08-03,2,Benniganahalli,0,6,1,0,0.0,0.0,0.0,0.0,0.49999999999999994,0.8660254037844387,-0.7818314824680299,0.6234898018587334
2025-08-03,3,Benniganahalli,0,6,1,0,0.0,0.0,0.0,0.0,0.7071067811865476,0.7071067811865476,-0.7818314824680299,0.6234898018587334
2025-08-03,4,Benniganahalli,0,6,1,0,0.0,24.0,0.0,0.0,0.8660254037844386,0.5000000000000001,-0.7818314824680299,0.6234898018587334
2025-08-03,5,Benniganahalli,0,6,1,0,0.0,215.0,0.0,0.0,0.9659258262890683,0.25881904510252074,-0.7818314824680299,0.6234898018587334
2025-08-03,6,Benniganahalli,225,6,1,0,0.0,483.0,75.0,225.0,1.0,6.123233995736766e-17,-0.7818314824680299,0.6234898018587334
2025-08-03,7,Benniganahalli,693,6,1,1,225.0,1083.0,306.0,468.0,0.9659258262890683,-0.25881904510252063,-0.7818314824680299,0.6234898018587334
2025-08-03,8,Benniganahalli,1021,6,1,1,693.0,1929.0,646.3333333333334,328.0,0.8660254037844387,-0.4999999999999998,-0.7818314824680299,0.6234898018587334
2025-08-03,9,Benniganahalli,1282,6,1,1,1021.0,2295.0,998.6666666666666,261.0,0.7071067811865476,-0.7071067811865475,-0.7818314824680299,0.6234898018587334
2025-08-03,10,Benniganahalli,1569,6,1,1,1282.0,1807.0,1290.6666666666667,287.0,0.49999999999999994,-0.8660254037844387,-0.7818314824680299,0.6234898018587334
2025-08-03,11,Benniganahalli,1945,6,1,0,1569.0,1819.0,1598.6666666666667,376.0,0.258819045102521,-0.9659258262890682,-0.7818314824680299,0.6234898018587334
2025-08-03,12,Benniganahalli,1922,6,1,0,1945.0,1498.0,1812.0,-23.0,1.2246467991473532e-16,-1.0,-0.7818314824680299,0.6234898018587334
2025-08-03,13,Benniganahalli,1542,6,1,0,1922.0,1424.0,1803.0,-380.0,-0.2588190451025208,-0.9659258262890683,-0.7818314824680299,0.6234898018587334
2025-08-03,14,Benniganahalli,1255,6,1,0,1542.0,1355.0,1573.0,-287.0,-0.4999999999999997,-0.8660254037844388,-0.7818314824680299,0.6234898018587334
2025-08-03,15,Benniganahalli,1425,6,1,0,1255.0,1486.0,1407.3333333333333,170.0,-0.7071067811865471,-0.7071067811865479,-0.7818314824680299,0.6234898018587334
2025-08-03,16,Benniganahalli,1314,6,1,0,1425.0,1474.0,1331.3333333333333,-111.0,-0.8660254037844385,-0.5000000000000004,-0.7818314824680299,0.6234898018587334
2025-08-03,17,Benniganahalli,1539,6,1,1,1314.0,1757.0,1426.0,225.0,-0.9659258262890683,-0.25881904510252063,-0.7818314824680299,0.6234898018587334
2025-08-03,18,Benniganahalli,1347,6,1,1,1539.0,1549.0,1400.0,-192.0,-1.0,-1.8369701987210297e-16,-0.7818314824680299,0.6234898018587334
2025-08-03,19,Benniganahalli,1162,6,1,1,1347.0,1598.0,1349.3333333333333,-185.0,-0.9659258262890684,0.2588190451025203,-0.7818314824680299,0.6234898018587334
2025-08-03,20,Benniganahalli,983,6,1,1,1162.0,1283.0,1164.0,-179.0,-0.8660254037844386,0.5000000000000001,-0.7818314824680299,0.6234898018587334
2025-08-03,21,Benniganahalli,796,6,1,0,983.0,907.0,980.3333333333334,-187.0,-0.7071067811865477,0.7071067811865474,-0.7818314824680299,0.6234898018587334
2025-08-03,22,Benniganahalli,469,6,1,0,796.0,448.0,749.3333333333334,-327.0,-0.5000000000000004,0.8660254037844384,-0.7818314824680299,0.6234898018587334
2025-08-03,23,Benniganahalli,71,6,1,0,469.0,57.0,445.3333333333333,-398.0,-0.25881904510252157,0.9659258262890681,-0.7818314824680299,0.6234898018587334
2025-08-04,0,Benniganahalli,1,0,0,0,71.0,0.0,180.33333333333334,-70.0,0.0,1.0,0.0,1.0
2025-08-04,1,Benniganahalli,0,0,0,0,1.0,0.0,24.0,-1.0,0.25881904510252074,0.9659258262890683,0.0,1.0
2025-08-04,2,Benniganahalli,0,0,0,0,0.0,0.0,0.3333333333333333,0.0,0.49999999999999994,0.8660254037844387,0.0,1.0
2025-08-04,3,Benniganahalli,0,0,0,0,0.0,0.0,0.0,0.0,0.7071067811865476,0.7071067811865476,0.0,1.0
2025-08-04,4,Benniganahalli,123,0,0,0,0.0,0.0,41.0,123.0,0.8660254037844386,0.5000000000000001,0.0,1.0
2025-08-04,5,Benniganahalli,359,0,0,0,123.0,0.0,160.66666666666666,236.0,0.9659258262890683,0.25881904510252074,0.0,1.0
2025-08-04,6,Benniganahalli,697,0,0,0,359.0,225.0,393.0,338.0,1.0,6.123233995736766e-17,0.0,1.0
2025-08-04,7,Benniganahalli,1724,0,0,1,697.0,693.0,926.6666666666666,1027.0,0.9659258262890683,-0.25881904510252063,0.0,1.0
2025-08-04,8,Benniganahalli,3262,0,0,1,1724.0,1021.0,1894.3333333333333,1538.0,0.8660254037844387,-0.4999999999999998,0.0,1.0
2025-08-04,9,Benniganahalli,4225,0,0,1,3262.0,1282.0,3070.3333333333335,963.0,0.7071067811865476,-0.7071067811865475,0.0,1.0
2025-08-04,10,Benniganahalli,3608,0,0,1,4225.0,1569.0,3698.3333333333335,-617.0,0.49999999999999994,-0.8660254037844387,0.0,1.0
2025-08-04,11,Benniganahalli,2111,0,0,0,3608.0,1945.0,3314.6666666666665,-1497.0,0.258819045102521,-0.9659258262890682,0.0,1.0
2025-08-04,12,Benniganahalli,1490,0,0,0,2111.0,1922.0,2403.0,-621.0,1.2246467991473532e-16,-1.0,0.0,1.0
2025-08-04,13,Benniganahalli,1214,0,0,0,1490.0,1542.0,1605.0,-276.0,-0.2588190451025208,-0.9659258262890683,0.0,1.0
2025-08-04,14,Benniganahalli,963,0,0,0,1214.0,1255.0,1222.3333333333333,-251.0,-0.4999999999999997,-0.8660254037844388,0.0,1.0
2025-08-04,15,Benniganahalli,1034,0,0,0,963.0,1425.0,1070.3333333333333,71.0,-0.7071067811865471,-0.7071067811865479,0.0,1.0
2025-08-04,16,Benniganahalli,1205,0,0,0,1034.0,1314.0,1067.3333333333333,171.0,-0.8660254037844385,-0.5000000000000004,0.0,1.0
2025-08-04,17,Benniganahalli,1475,0,0,1,1205.0,1539.0,1238.0,270.0,-0.9659258262890683,-0.25881904510252063,0.0,1.0
2025-08-04,18,Benniganahalli,1730,0,0,1,1475.0,1347.0,1470.0,255.0,-1.0,-1.8369701987210297e-16,0.0,1.0
2025-08-04,19,Benniganahalli,1562,0,0,1,1730.0,1162.0,1589.0,-168.0,-0.9659258262890684,0.2588190451025203,0.0,1.0
2025-08-04,20,Benniganahalli,1231,0,0,1,1562.0,983.0,1507.6666666666667,-331.0,-0.8660254037844386,0.5000000000000001,0.0,1.0
2025-08-04,21,Benniganahalli,663,0,0,0,1231.0,796.0,1152.0,-568.0,-0.7071067811865477,0.7071067811865474,0.0,1.0
2025-08-04,22,Benniganahalli,324,0,0,0,663.0,469.0,739.3333333333334,-339.0,-0.5000000000000004,0.8660254037844384,0.0,1.0
2025-08-04,23,Benniganahalli,54,0,0,0,324.0,71.0,347.0,-270.0,-0.25881904510252157,0.9659258262890681,0.0,1.0
2025-08-05,0,Benniganahalli,2,1,0,0,54.0,1.0,126.66666666666667,-52.0,0.0,1.0,0.7818314824680298,0.6234898018587336
2025-08-05,1,Benniganahalli,0,1,0,0,2.0,0.0,18.666666666666668,-2.0,0.25881904510252074,0.9659258262890683,0.7818314824680298,0.6234898018587336
2025-08-05,2,Benniganahalli,0,1,0,0,0.0,0.0,0.6666666666666666,0.0,0.49999999999999994,0.8660254037844387,0.7818314824680298,0.6234898018587336
2025-08-05,3,Benniganahalli,0,1,0,0,0.0,0.0,0.0,0.0,0.7071067811865476,0.7071067811865476,0.7818314824680298,0.6234898018587336
2025-08-05,4,Benniganahalli,51,1,0,0,0.0,123.0,17.0,51.0,0.8660254037844386,0.5000000000000001,0.7818314824680298,0.6234898018587336
2025-08-05,5,Benniganahalli,171,1,0,0,51.0,359.0,74.0,120.0,0.9659258262890683,0.25881904510252074,0.7818314824680298,0.6234898018587336
2025-08-05,6,Benniganahalli,492,1,0,0,171.0,697.0,238.0,321.0,1.0,6.123233995736766e-17,0.7818314824680298,0.6234898018587336
2025-08-05,7,Benniganahalli,1407,1,0,1,492.0,1724.0,690.0,915.0,0.9659258262890683,-0.25881904510252063,0.7818314824680298,0.6234898018587336
2025-08-05,8,Benniganahalli,3116,1,0,1,1407.0,3262.0,1671.6666666666667,1709.0,0.8660254037844387,-0.4999999999999998,0.7818314824680298,0.6234898018587336
2025-08-05,9,Benniganahalli,3864,1,0,1,3116.0,4225.0,2795.6666666666665,748.0,0.7071067811865476,-0.7071067811865475,0.7818314824680298,0.6234898018587336
2025-08-05,10,Benniganahalli,3159,1,0,1,3864.0,3608.0,3379.6666666666665,-705.0,0.49999999999999994,-0.8660254037844387,0.7818314824680298,0.6234898018587336
2025-08-05,11,Benniganahalli,1760,1,0,0,3159.0,2111.0,2927.6666666666665,-1399.0,0.258819045102521,-0.9659258262890682,0.7818314824680298,0.6234898018587336
2025-08-05,12,Benniganahalli,1352,1,0,0,1760.0,1490.0,2090.3333333333335,-408.0,1.2246467991473532e-16,-1.0,0.7818314824680298,0.6234898018587336
2025-08-05,13,Benniganahalli,1024,1,0,0,1352.0,1214.0,1378.6666666666667,-328.0,-0.2588190451025208,-0.9659258262890683,0.7818314824680298,0.6234898018587336
2025-08-05,14,Benniganahalli,780,1,0,0,1024.0,963.0,1052.0,-244.0,-0.4999999999999997,-0.8660254037844388,0.7818314824680298,0.6234898018587336
2025-08-05,15,Benniganahalli,836,1,0,0,780.0,1034.0,880.0,56.0,-0.7071067811865471,-0.7071067811865479,0.7818314824680298,0.6234898018587336
2025-08-05,16,Benniganahalli,1106,1,0,0,836.0,1205.0,907.3333333333334,270.0,-0.8660254037844385,-0.5000000000000004,0.7818314824680298,0.6234898018587336
2025-08-05,17,Benniganahalli,1420,1,0,1,1106.0,1475.0,1120.6666666666667,314.0,-0.9659258262890683,-0.25881904510252063,0.7818314824680298,0.6234898018587336
2025-08-05,18,Benniganahalli,1713,1,0,1,1420.0,1730.0,1413.0,293.0,-1.0,-1.8369701987210297e-16,0.7818314824680298,0.6234898018587336
2025-08-05,19,Benniganahalli,1706,1,0,1,1713.0,1562.0,1613.0,-7.0,-0.9659258262890684,0.2588190451025203,0.7818314824680298,0.6234898018587336
2025-08-05,20,Benniganahalli,886,1,0,1,1706.0,1231.0,1435.0,-820.0,-0.8660254037844386,0.5000000000000001,0.7818314824680298,0.6234898018587336
2025-08-05,21,Benniganahalli,530,1,0,0,886.0,663.0,1040.6666666666667,-356.0,-0.7071067811865477,0.7071067811865474,0.7818314824680298,0.6234898018587336
2025-08-05,22,Benniganahalli,271,1,0,0,530.0,324.0,562.3333333333334,-259.0,-0.5000000000000004,0.8660254037844384,0.7818314824680298,0.6234898018587336
2025-08-05,23,Benniganahalli,35,1,0,0,271.0,54.0,278.6666666666667,-236.0,-0.25881904510252157,0.9659258262890681,0.7818314824680298,0.6234898018587336
2025-08-06,0,Benniganahalli,0,2,0,0,35.0,2.0,102.0,-35.0,0.0,1.0,0.9749279121818236,-0.22252093395631434
2025-08-06,1,Benniganahalli,0,2,0,0,0.0,0.0,11.666666666666666,0.0,0.25881904510252074,0.9659258262890683,0.9749279121818236,-0.22252093395631434
2025-08-06,2,Benniganahalli,0,2,0,0,0.0,0.0,0.0,0.0,0.49999999999999994,0.8660254037844387,0.9749279121818236,-0.22252093395631434
2025-08-06,3,Benniganahalli,0,2,0,0,0.0,0.0,0.0,0.0,0.7071067811865476,0.7071067811865476,0.9749279121818236,-0.22252093395631434
2025-08-06,4,Benniganahalli,41,2,0,0,0.0,51.0,13.666666666666666,41.0,0.8660254037844386,0.5000000000000001,0.9749279121818236,-0.22252093395631434
2025-08-06,5,Benniganahalli,117,2,0,0,41.0,171.0,52.666666666666664,76.0,0.9659258262890683,0.25881904510252074,0.9749279121818236,-0.22252093395631434
2025-08-06,6,Benniganahalli,442,2,0,0,117.0,492.0,200.0,325.0,1.0,6.123233995736766e-17,0.9749279121818236,-0.22252093395631434
2025-08-06,7,Benniganahalli,1297,2,0,1,442.0,1407.0,618.6666666666666,855.0,0.9659258262890683,-0.25881904510252063,0.9749279121818236,-0.22252093395631434
2025-08-06,8,Benniganahalli,3056,2,0,1,1297.0,3116.0,1598.3333333333333,1759.0,0.8660254037844387,-0.4999999999999998,0.9749279121818236,-0.22252093395631434
2025-08-06,9,Benniganahalli,4286,2,0,1,3056.0,3864.0,2879.6666666666665,1230.0,0.7071067811865476,-0.7071067811865475,0.9749279121818236,-0.22252093395631434
2025-08-06,10,Benniganahalli,3415,2,0,1,4286.0,3159.0,3585.6666666666665,-871.0,0.49999999999999994,-0.8660254037844387,0.9749279121818236,-0.22252093395631434
2025-08-06,11,Benniganahalli,1991,2,0,0,3415.0,1760.0,3230.6666666666665,-1424.0,0.258819045102521,-0.9659258262890682,0.9749279121818236,-0.22252093395631434
2025-08-06,12,Benniganahalli,1474,2,0,0,1991.0,1352.0,2293.3333333333335,-517.0,1.2246467991473532e-16,-1.0,0.9749279121818236,-0.22252093395631434
2025-08-06,13,Benniganahalli,1109,2,0,0,1474.0,1024.0,1524.6666666666667,-365.0,-0.2588190451025208,-0.9659258262890683,0.9749279121818236,-0.22252093395631434
2025-08-06,14,Benniganahalli,1020,2,0,0,1109.0,780.0,1201.0,-89.0,-0.4999999999999997,-0.8660254037844388,0.9749279121818236,-0.22252093395631434
2025-08-06,15,Benniganahalli,1019,2,0,0,1020.0,836.0,1049.3333333333333,-1.0,-0.7071067811865471,-0.7071067811865479,0.9749279121818236,-0.22252093395631434
2025-08-06,16,Benniganahalli,1273,2,0,0,1019.0,1106.0,1104.0,254.0,-0.8660254037844385,-0.5000000000000004,0.9749279121818236,-0.22252093395631434
2025-08-06,17,Benniganahalli,1611,2,0,1,1273.0,1420.0,1301.0,338.0,-0.9659258262890683,-0.25881904510252063,0.9749279121818236,-0.22252093395631434
2025-08-06,18,Benniganahalli,1918,2,0,1,1611.0,1713.0,1600.6666666666667,307.0,-1.0,-1.8369701987210297e-16,0.9749279121818236,-0.22252093395631434
2025-08-06,19,Benniganahalli,1808,2,0,1,1918.0,1706.0,1779.0,-110.0,-0.9659258262890684,0.2588190451025203,0.9749279121818236,-0.22252093395631434
2025-08-06,20,Benniganahalli,1145,2,0,1,1808.0,886.0,1623.6666666666667,-663.0,-0.8660254037844386,0.5000000000000001,0.9749279121818236,-0.22252093395631434
2025-08-06,21,Benniganahalli,786,2,0,0,1145.0,530.0,1246.3333333333333,-359.0,-0.7071067811865477,0.7071067811865474,0.9749279121818236,-0.22252093395631434
2025-08-06,22,Benniganahalli,388,2,0,0,786.0,271.0,773.0,-398.0,-0.5000000000000004,0.8660254037844384,0.9749279121818236,-0.22252093395631434
2025-08-06,23,Benniganahalli,56,2,0,0,388.0,35.0,410.0,-332.0,-0.25881904510252157,0.9659258262890681,0.9749279121818236,-0.22252093395631434
2025-08-07,0,Benniganahalli,0,3,0,0,56.0,0.0,148.0,-56.0,0.0,1.0,0.43388373911755823,-0.900968867902419
2025-08-07,1,Benniganahalli,0,3,0,0,0.0,0.0,18.666666666666668,0.0,0.25881904510252074,0.9659258262890683,0.43388373911755823,-0.900968867902419
2025-08-07,2,Benniganahalli,0,3,0,0,0.0,0.0,0.0,0.0,0.49999999999999994,0.8660254037844387,0.43388373911755823,-0.900968867902419
2025-08-07,3,Benniganahalli,0,3,0,0,0.0,0.0,0.0,0.0,0.7071067811865476,0.7071067811865476,0.43388373911755823,-0.900968867902419
2025-08-07,4,Benniganahalli,12,3,0,0,0.0,41.0,4.0,12.0,0.8660254037844386,0.5000000000000001,0.43388373911755823,-0.900968867902419
2025-08-07,5,Benniganahalli,154,3,0,0,12.0,117.0,55.333333333333336,142.0,0.9659258262890683,0.25881904510252074,0.43388373911755823,-0.900968867902419
2025-08-07,6,Benniganahalli,392,3,0,0,154.0,442.0,186.0,238.0,1.0,6.123233995736766e-17,0.43388373911755823,-0.900968867902419
2025-08-07,7,Benniganahalli,1077,3,0,1,392.0,1297.0,541.0,685.0,0.9659258262890683,-0.25881904510252063,0.43388373911755823,-0.900968867902419
2025-08-07,8,Benniganahalli,2816,3,0,1,1077.0,3056.0,1428.3333333333333,1739.0,0.8660254037844387,-0.4999999999999998,0.43388373911755823,-0.900968867902419
2025-08-07,9,Benniganahalli,3983,3,0,1,2816.0,4286.0,2625.3333333333335,1167.0,0.7071067811865476,-0.7071067811865475,0.43388373911755823,-0.900968867902419
2025-08-07,10,Benniganahalli,3578,3,0,1,3983.0,3415.0,3459.0,-405.0,0.49999999999999994,-0.8660254037844387,0.43388373911755823,-0.900968867902419
2025-08-07,11,Benniganahalli,1835,3,0,0,3578.0,1991.0,3132.0,-1743.0,0.258819045102521,-0.9659258262890682,0.43388373911755823,-0.900968867902419
2025-08-07,12,Benniganahalli,1413,3,0,0,1835.0,1474.0,2275.3333333333335,-422.0,1.2246467991473532e-16,-1.0,0.43388373911755823,-0.900968867902419
2025-08-07,13,Benniganahalli,1246,3,0,0,1413.0,1109.0,1498.0,-167.0,-0.2588190451025208,-0.9659258262890683,0.43388373911755823,-0.900968867902419
2025-08-07,14,Benniganahalli,1111,3,0,0,1246.0,1020.0,1256.6666666666667,-135.0,-0.4999999999999997,-0.8660254037844388,0.43388373911755823,-0.900968867902419
2025-08-07,15,Benniganahalli,1031,3,0,0,1111.0,1019.0,1129.3333333333333,-80.0,-0.7071067811865471,-0.7071067811865479,0.43388373911755823,-0.900968867902419
2025-08-07,16,Benniganahalli,1404,3,0,0,1031.0,1273.0,1182.0,373.0,-0.8660254037844385,-0.5000000000000004,0.43388373911755823,-0.900968867902419
2025-08-07,17,Benniganahalli,1446,3,0,1,1404.0,1611.0,1293.6666666666667,42.0,-0.9659258262890683,-0.25881904510252063,0.43388373911755823,-0.900968867902419
2025-08-07,18,Benniganahalli,2010,3,0,1,1446.0,1918.0,1620.0,564.0,-1.0,-1.8369701987210297e-16,0.43388373911755823,-0.900968867902419
2025-08-07,19,Benniganahalli,2415,3,0,1,2010.0,1808.0,1957.0,405.0,-0.9659258262890684,0.2588190451025203,0.43388373911755823,-0.900968867902419
2025-08-07,20,Benniganahalli,1339,3,0,1,2415.0,1145.0,1921.3333333333333,-1076.0,-0.8660254037844386,0.5000000000000001,0.43388373911755823,-0.900968867902419
2025-08-07,21,Benniganahalli,1009,3,0,0,1339.0,786.0,1587.6666666666667,-330.0,-0.7071067811865477,0.7071067811865474,0.43388373911755823,-0.900968867902419
2025-08-07,22,Benniganahalli,498,3,0,0,1009.0,388.0,948.6666666666666,-511.0,-0.5000000000000004,0.8660254037844384,0.43388373911755823,-0.900968867902419
2025-08-07,23,Benniganahalli,64,3,0,0,498.0,56.0,523.6666666666666,-434.0,-0.25881904510252157,0.9659258262890681,0.43388373911755823,-0.900968867902419
2025-08-08,0,Benniganahalli,0,4,0,0,64.0,0.0,187.33333333333334,-64.0,0.0,1.0,-0.433883739117558,-0.9009688679024191
2025-08-08,1,Benniganahalli,0,4,0,0,0.0,0.0,21.333333333333332,0.0,0.25881904510252074,0.9659258262890683,-0.433883739117558,-0.9009688679024191
2025-08-08,2,Benniganahalli,0,4,0,0,0.0,0.0,0.0,0.0,0.49999999999999994,0.8660254037844387,-0.433883739117558,-0.9009688679024191
2025-08-08,3,Benniganahalli,0,4,0,0,0.0,0.0,0.0,0.0,0.7071067811865476,0.7071067811865476,-0.433883739117558,-0.9009688679024191
2025-08-08,4,Benniganahalli,16,4,0,0,0.0,12.0,5.333333333333333,16.0,0.8660254037844386,0.5000000000000001,-0.433883739117558,-0.9009688679024191
2025-08-08,5,Benniganahalli,177,4,0,0,16.0,154.0,64.33333333333333,161.0,0.9659258262890683,0.25881904510252074,-0.433883739117558,-0.9009688679024191
2025-08-08,6,Benniganahalli,416,4,0,0,177.0,392.0,203.0,239.0,1.0,6.123233995736766e-17,-0.433883739117558,-0.9009688679024191
2025-08-08,7,Benniganahalli,1029,4,0,1,416.0,1077.0,540.6666666666666,613.0,0.9659258262890683,-0.25881904510252063,-0.433883739117558,-0.9009688679024191
2025-08-08,8,Benniganahalli,2267,4,0,1,1029.0,2816.0,1237.3333333333333,1238.0,0.8660254037844387,-0.4999999999999998,-0.433883739117558,-0.9009688679024191
2025-08-08,9,Benniganahalli,2562,4,0,1,2267.0,3983.0,1952.6666666666667,295.0,0.7071067811865476,-0.7071067811865475,-0.433883739117558,-0.9009688679024191
2025-08-08,10,Benniganahalli,1872,4,0,1,2562.0,3578.0,2233.6666666666665,-690.0,0.49999999999999994,-0.8660254037844387,-0.433883739117558,-0.9009688679024191
2025-08-08,11,Benniganahalli,1259,4,0,0,1872.0,1835.0,1897.6666666666667,-613.0,0.258819045102521,-0.9659258262890682,-0.433883739117558,-0.9009688679024191
2025-08-08,12,Benniganahalli,1119,4,0,0,1259.0,1413.0,1416.6666666666667,-140.0,1.2246467991473532e-16,-1.0,-0.433883739117558,-0.9009688679024191
2025-08-08,13,Benniganahalli,1045,4,0,0,1119.0,1246.0,1141.0,-74.0,-0.2588190451025208,-0.9659258262890683,-0.433883739117558,-0.9009688679024191
2025-08-08,14,Benniganahalli,862,4,0,0,1045.0,1111.0,1008.6666666666666,-183.0,-0.4999999999999997,-0.8660254037844388,-0.433883739117558,-0.9009688679024191
2025-08-08,15,Benniganahalli,1012,4,0,0,862.0,1031.0,973.0,150.0,-0.7071067811865471,-0.7071067811865479,-0.433883739117558,-0.9009688679024191
2025-08-08,16,Benniganahalli,1181,4,0,0,1012.0,1404.0,1018.3333333333334,169.0,-0.8660254037844385,-0.5000000000000004,-0.433883739117558,-0.9009688679024191
2025-08-08,17,Benniganahalli,1651,4,0,1,1181.0,1446.0,1281.3333333333333,470.0,-0.9659258262890683,-0.25881904510252063,-0.433883739117558,-0.9009688679024191
2025-08-08,18,Benniganahalli,1733,4,0,1,1651.0,2010.0,1521.6666666666667,82.0,-1.0,-1.8369701987210297e-16,-0.433883739117558,-0.9009688679024191
2025-08-08,19,Benniganahalli,1508,4,0,1,1733.0,2415.0,1630.6666666666667,-225.0,-0.9659258262890684,0.2588190451025203,-0.433883739117558,-0.9009688679024191
2025-08-08,20,Benniganahalli,991,4,0,1,1508.0,1339.0,1410.6666666666667,-517.0,-0.8660254037844386,0.5000000000000001,-0.433883739117558,-0.9009688679024191
2025-08-08,21,Benniganahalli,644,4,0,0,991.0,1009.0,1047.6666666666667,-347.0,-0.7071067811865477,0.7071067811865474,-0.433883739117558,-0.9009688679024191
2025-08-08,22,Benniganahalli,379,4,0,0,644.0,498.0,671.3333333333334,-265.0,-0.5000000000000004,0.8660254037844384,-0.433883739117558,-0.9009688679024191
2025-08-08,23,Benniganahalli,35,4,0,0,379.0,64.0,352.6666666666667,-344.0,-0.25881904510252157,0.9659258262890681,-0.433883739117558,-0.9009688679024191
2025-08-09,0,Benniganahalli,0,5,1,0,35.0,0.0,138.0,-35.0,0.0,1.0,-0.9749279121818236,-0.2225209339563146
2025-08-09,1,Benniganahalli,0,5,1,0,0.0,0.0,11.666666666666666,0.0,0.25881904510252074,0.9659258262890683,-0.9749279121818236,-0.2225209339563146
2025-08-09,2,Benniganahalli,0,5,1,0,0.0,0.0,0.0,0.0,0.49999999999999994,0.8660254037844387,-0.9749279121818236,-0.2225209339563146
2025-08-09,3,Benniganahalli,0,5,1,0,0.0,0.0,0.0,0.0,0.7071067811865476,0.7071067811865476,-0.9749279121818236,-0.2225209339563146
2025-08-09,4,Benniganahalli,26,5,1,0,0.0,16.0,8.666666666666666,26.0,0.8660254037844386,0.5000000000000001,-0.9749279121818236,-0.2225209339563146
2025-08-09,5,Benniganahalli,198,5,1,0,26.0,177.0,74.66666666666667,172.0,0.9659258262890683,0.25881904510252074,-0.9749279121818236,-0.2225209339563146
2025-08-09,6,Benniganahalli,415,5,1,0,198.0,416.0,213.0,217.0,1.0,6.123233995736766e-17,-0.9749279121818236,-0.2225209339563146
2025-08-09,7,Benniganahalli,1045,5,1,1,415.0,1029.0,552.6666666666666,630.0,0.9659258262890683,-0.25881904510252063,-0.9749279121818236,-0.2225209339563146
2025-08-09,8,Benniganahalli,1613,5,1,1,1045.0,2267.0,1024.3333333333333,568.0,0.8660254037844387,-0.4999999999999998,-0.9749279121818236,-0.2225209339563146
2025-08-09,9,Benniganahalli,1691,5,1,1,1613.0,2562.0,1449.6666666666667,78.0,0.7071067811865476,-0.7071067811865475,-0.9749279121818236,-0.2225209339563146
2025-08-09,10,Benniganahalli,1691,5,1,1,1691.0,1872.0,1665.0,0.0,0.49999999999999994,-0.8660254037844387,-0.9749279121818236,-0.2225209339563146
2025-08-09,11,Benniganahalli,1830,5,1,0,1691.0,1259.0,1737.3333333333333,139.0,0.258819045102521,-0.9659258262890682,-0.9749279121818236,-0.2225209339563146
2025-08-09,12,Benniganahalli,1643,5,1,0,1830.0,1119.0,1721.3333333333333,-187.0,1.2246467991473532e-16,-1.0,-0.9749279121818236,-0.2225209339563146
2025-08-09,13,Benniganahalli,1620,5,1,0,1643.0,1045.0,1697.6666666666667,-23.0,-0.2588190451025208,-0.9659258262890683,-0.9749279121818236,-0.2225209339563146
2025-08-09,14,Benniganahalli,1063,5,1,0,1620.0,862.0,1442.0,-557.0,-0.4999999999999997,-0.8660254037844388,-0.9749279121818236,-0.2225209339563146
2025-08-09,15,Benniganahalli,1699,5,1,0,1063.0,1012.0,1460.6666666666667,636.0,-0.7071067811865471,-0.7071067811865479,-0.9749279121818236,-0.2225209339563146
2025-08-09,16,Benniganahalli,1697,5,1,0,1699.0,1181.0,1486.3333333333333,-2.0,-0.8660254037844385,-0.5000000000000004,-0.9749279121818236,-0.2225209339563146
2025-08-09,17,Benniganahalli,1662,5,1,1,1697.0,1651.0,1686.0,-35.0,-0.9659258262890683,-0.25881904510252063,-0.9749279121818236,-0.2225209339563146
2025-08-09,18,Benniganahalli,1517,5,1,1,1662.0,1733.0,1625.3333333333333,-145.0,-1.0,-1.8369701987210297e-16,-0.9749279121818236,-0.2225209339563146
2025-08-09,19,Benniganahalli,1550,5,1,1,1517.0,1508.0,1576.3333333333333,33.0,-0.9659258262890684,0.2588190451025203,-0.9749279121818236,-0.2225209339563146
2025-08-09,20,Benniganahalli,1476,5,1,1,1550.0,991.0,1514.3333333333333,-74.0,-0.8660254037844386,0.5000000000000001,-0.9749279121818236,-0.2225209339563146
2025-08-09,21,Benniganahalli,993,5,1,0,1476.0,644.0,1339.6666666666667,-483.0,-0.7071067811865477,0.7071067811865474,-0.9749279121818236,-0.2225209339563146
2025-08-09,22,Benniganahalli,428,5,1,0,993.0,379.0,965.6666666666666,-565.0,-0.5000000000000004,0.8660254037844384,-0.9749279121818236,-0.2225209339563146
2025-08-09,23,Benniganahalli,33,5,1,0,428.0,35.0,484.6666666666667,-395.0,-0.25881904510252157,0.9659258262890681,-0.9749279121818236,-0.2225209339563146
2025-08-10,0,Benniganahalli,0,6,1,0,33.0,0.0,153.66666666666666,-33.0,0.0,1.0,-0.7818314824680299,0.6234898018587334
2025-08-10,1,Benniganahalli,0,6,1,0,0.0,0.0,11.0,0.0,0.25881904510252074,0.9659258262890683,-0.7818314824680299,0.6234898018587334
2025-08-10,2,Benniganahalli,0,6,1,0,0.0,0.0,0.0,0.0,0.49999999999999994,0.8660254037844387,-0.7818314824680299,0.6234898018587334
2025-08-10,3,Benniganahalli,0,6,1,0,0.0,0.0,0.0,0.0,0.7071067811865476,0.7071067811865476,-0.7818314824680299,0.6234898018587334
2025-08-10,4,Benniganahalli,0,6,1,0,0.0,26.0,0.0,0.0,0.8660254037844386,0.5000000000000001,-0.7818314824680299,0.6234898018587334
2025-08-10,5,Benniganahalli,0,6,1,0,0.0,198.0,0.0,0.0,0.9659258262890683,0.25881904510252074,-0.7818314824680299,0.6234898018587334
2025-08-10,6,Benniganahalli,201,6,1,0,0.0,415.0,67.0,201.0,1.0,6.123233995736766e-17,-0.7818314824680299,0.6234898018587334
2025-08-10,7,Benniganahalli,637,6,1,1,201.0,1045.0,279.3333333333333,436.0,0.9659258262890683,-0.25881904510252063,-0.7818314824680299,0.6234898018587334
2025-08-10,8,Benniganahalli,874,6,1,1,637.0,1613.0,570.6666666666666,237.0,0.8660254037844387,-0.4999999999999998,-0.7818314824680299,0.6234898018587334
2025-08-10,9,Benniganahalli,1208,6,1,1,874.0,1691.0,906.3333333333334,334.0,0.7071067811865476,-0.7071067811865475,-0.7818314824680299,0.6234898018587334
2025-08-10,10,Benniganahalli,1611,6,1,1,1208.0,1691.0,1231.0,403.0,0.49999999999999994,-0.8660254037844387,-0.7818314824680299,0.6234898018587334
2025-08-10,11,Benniganahalli,1836,6,1,0,1611.0,1830.0,1551.6666666666667,225.0,0.258819045102521,-0.9659258262890682,-0.7818314824680299,0.6234898018587334
2025-08-10,12,Benniganahalli,1830,6,1,0,1836.0,1643.0,1759.0,-6.0,1.2246467991473532e-16,-1.0,-0.7818314824680299,0.6234898018587334
2025-08-10,13,Benniganahalli,1434,6,1,0,1830.0,1620.0,1700.0,-396.0,-0.2588190451025208,-0.9659258262890683,-0.7818314824680299,0.6234898018587334
2025-08-10,14,Benniganahalli,1076,6,1,0,1434.0,1063.0,1446.6666666666667,-358.0,-0.4999999999999997,-0.8660254037844388,-0.7818314824680299,0.6234898018587334
2025-08-10,15,Benniganahalli,1120,6,1,0,1076.0,1699.0,1210.0,44.0,-0.7071067811865471,-0.7071067811865479,-0.7818314824680299,0.6234898018587334
2025-08-10,16,Benniganahalli,1574,6,1,0,1120.0,1697.0,1256.6666666666667,454.0,-0.8660254037844385,-0.5000000000000004,-0.7818314824680299,0.6234898018587334
2025-08-10,17,Benniganahalli,1391,6,1,1,1574.0,1662.0,1361.6666666666667,-183.0,-0.9659258262890683,-0.25881904510252063,-0.7818314824680299,0.6234898018587334
2025-08-10,18,Benniganahalli,1885,6,1,1,1391.0,1517.0,1616.6666666666667,494.0,-1.0,-1.8369701987210297e-16,-0.7818314824680299,0.6234898018587334
2025-08-10,19,Benniganahalli,1454,6,1,1,1885.0,1550.0,1576.6666666666667,-431.0,-0.9659258262890684,0.2588190451025203,-0.7818314824680299,0.6234898018587334
2025-08-10,20,Benniganahalli,1045,6,1,1,1454.0,1476.0,1461.3333333333333,-409.0,-0.8660254037844386,0.5000000000000001,-0.7818314824680299,0.6234898018587334
2025-08-10,21,Benniganahalli,766,6,1,0,1045.0,993.0,1088.3333333333333,-279.0,-0.7071067811865477,0.7071067811865474,-0.7818314824680299,0.6234898018587334
2025-08-10,22,Benniganahalli,385,6,1,0,766.0,428.0,732.0,-381.0,-0.5000000000000004,0.8660254037844384,-0.7818314824680299,0.6234898018587334
2025-08-10,23,Benniganahalli,79,6,1,0,385.0,33.0,410.0,-306.0,-0.25881904510252157,0.9659258262890681,-0.7818314824680299,0.6234898018587334
2025-08-11,0,Benniganahalli,0,0,0,0,79.0,0.0,154.66666666666666,-79.0,0.0,1.0,0.0,1.0
2025-08-11,1,Benniganahalli,0,0,0,0,0.0,0.0,26.333333333333332,0.0,0.25881904510252074,0.9659258262890683,0.0,1.0
2025-08-11,2,Benniganahalli,0,0,0,0,0.0,0.0,0.0,0.0,0.49999999999999994,0.8660254037844387,0.0,1.0
2025-08-11,3,Benniganahalli,0,0,0,0,0.0,0.0,0.0,0.0,0.7071067811865476,0.7071067811865476,0.0,1.0
2025-08-11,4,Benniganahalli,134,0,0,0,0.0,0.0,44.666666666666664,134.0,0.8660254037844386,0.5000000000000001,0.0,1.0
2025-08-11,5,Benniganahalli,370,0,0,0,134.0,0.0,168.0,236.0,0.9659258262890683,0.25881904510252074,0.0,1.0
2025-08-11,6,Benniganahalli,900,0,0,0,370.0,201.0,468.0,530.0,1.0,6.123233995736766e-17,0.0,1.0
2025-08-11,7,Benniganahalli,2019,0,0,1,900.0,637.0,1096.3333333333333,1119.0,0.9659258262890683,-0.25881904510252063,0.0,1.0
2025-08-11,8,Benniganahalli,3333,0,0,1,2019.0,874.0,2084.0,1314.0,0.8660254037844387,-0.4999999999999998,0.0,1.0
2025-08-11,9,Benniganahalli,3956,0,0,1,3333.0,1208.0,3102.6666666666665,623.0,0.7071067811865476,-0.7071067811865475,0.0,1.0
2025-08-11,10,Benniganahalli,3395,0,0,1,3956.0,1611.0,3561.3333333333335,-561.0,0.49999999999999994,-0.8660254037844387,0.0,1.0
2025-08-11,11,Benniganahalli,2127,0,0,0,3395.0,1836.0,3159.3333333333335,-1268.0,0.258819045102521,-0.9659258262890682,0.0,1.0
2025-08-11,12,Benniganahalli,1562,0,0,0,2127.0,1830.0,2361.3333333333335,-565.0,1.2246467991473532e-16,-1.0,0.0,1.0
2025-08-11,13,Benniganahalli,1379,0,0,0,1562.0,1434.0,1689.3333333333333,-183.0,-0.2588190451025208,-0.9659258262890683,0.0,1.0
2025-08-11,14,Benniganahalli,1075,0,0,0,1379.0,1076.0,1338.6666666666667,-304.0,-0.4999999999999997,-0.8660254037844388,0.0,1.0
2025-08-11,15,Benniganahalli,959,0,0,0,1075.0,1120.0,1137.6666666666667,-116.0,-0.7071067811865471,-0.7071067811865479,0.0,1.0
2025-08-11,16,Benniganahalli,1191,0,0,0,959.0,1574.0,1075.0,232.0,-0.8660254037844385,-0.5000000000000004,0.0,1.0
2025-08-11,17,Benniganahalli,1467,0,0,1,1191.0,1391.0,1205.6666666666667,276.0,-0.9659258262890683,-0.25881904510252063,0.0,1.0
2025-08-11,18,Benniganahalli,2043,0,0,1,1467.0,1885.0,1567.0,576.0,-1.0,-1.8369701987210297e-16,0.0,1.0
2025-08-11,19,Benniganahalli,1688,0,0,1,2043.0,1454.0,1732.6666666666667,-355.0,-0.9659258262890684,0.2588190451025203,0.0,1.0
2025-08-11,20,Benniganahalli,959,0,0,1,1688.0,1045.0,1563.3333333333333,-729.0,-0.8660254037844386,0.5000000000000001,0.0,1.0
2025-08-11,21,Benniganahalli,851,0,0,0,959.0,766.0,1166.0,-108.0,-0.7071067811865477,0.7071067811865474,0.0,1.0
2025-08-11,22,Benniganahalli,346,0,0,0,851.0,385.0,718.6666666666666,-505.0,-0.5000000000000004,0.8660254037844384,0.0,1.0
2025-08-11,23,Benniganahalli,40,0,0,0,346.0,79.0,412.3333333333333,-306.0,-0.25881904510252157,0.9659258262890681,0.0,1.0
2025-08-12,0,Benniganahalli,1,1,0,0,40.0,0.0,129.0,-39.0,0.0,1.0,0.7818314824680298,0.6234898018587336
2025-08-12,1,Benniganahalli,0,1,0,0,1.0,0.0,13.666666666666666,-1.0,0.25881904510252074,0.9659258262890683,0.7818314824680298,0.6234898018587336
2025-08-12,2,Benniganahalli,0,1,0,0,0.0,0.0,0.3333333333333333,0.0,0.49999999999999994,0.8660254037844387,0.7818314824680298,0.6234898018587336
2025-08-12,3,Benniganahalli,0,1,0,0,0.0,0.0,0.0,0.0,0.7071067811865476,0.7071067811865476,0.7818314824680298,0.6234898018587336
2025-08-12,4,Benniganahalli,41,1,0,0,0.0,134.0,13.666666666666666,41.0,0.8660254037844386,0.5000000000000001,0.7818314824680298,0.6234898018587336
2025-08-12,5,Benniganahalli,209,1,0,0,41.0,370.0,83.33333333333333,168.0,0.9659258262890683,0.25881904510252074,0.7818314824680298,0.6234898018587336
2025-08-12,6,Benniganahalli,588,1,0,0,209.0,900.0,279.3333333333333,379.0,1.0,6.123233995736766e-17,0.7818314824680298,0.6234898018587336
2025-08-12,7,Benniganahalli,1337,1,0,1,588.0,2019.0,711.3333333333334,749.0,0.9659258262890683,-0.25881904510252063,0.7818314824680298,0.6234898018587336
2025-08-12,8,Benniganahalli,3219,1,0,1,1337.0,3333.0,1714.6666666666667,1882.0,0.8660254037844387,-0.4999999999999998,0.7818314824680298,0.6234898018587336
2025-08-12,9,Benniganahalli,4090,1,0,1,3219.0,3956.0,2882.0,871.0,0.7071067811865476,-0.7071067811865475,0.7818314824680298,0.6234898018587336
2025-08-12,10,Benniganahalli,3216,1,0,1,4090.0,3395.0,3508.3333333333335,-874.0,0.49999999999999994,-0.8660254037844387,0.7818314824680298,0.6234898018587336
2025-08-12,11,Benniganahalli,2013,1,0,0,3216.0,2127.0,3106.3333333333335,-1203.0,0.258819045102521,-0.9659258262890682,0.7818314824680298,0.6234898018587336
2025-08-12,12,Benniganahalli,1464,1,0,0,2013.0,1562.0,2231.0,-549.0,1.2246467991473532e-16,-1.0,0.7818314824680298,0.6234898018587336
2025-08-12,13,Benniganahalli,1286,1,0,0,1464.0,1379.0,1587.6666666666667,-178.0,-0.2588190451025208,-0.9659258262890683,0.7818314824680298,0.6234898018587336
2025-08-12,14,Benniganahalli,950,1,0,0,1286.0,1075.0,1233.3333333333333,-336.0,-0.4999999999999997,-0.8660254037844388,0.7818314824680298,0.6234898018587336
2025-08-12,15,Benniganahalli,1070,1,0,0,950.0,959.0,1102.0,120.0,-0.7071067811865471,-0.7071067811865479,0.7818314824680298,0.6234898018587336
2025-08-12,16,Benniganahalli,1220,1,0,0,1070.0,1191.0,1080.0,150.0,-0.8660254037844385,-0.5000000000000004,0.7818314824680298,0.6234898018587336
2025-08-12,17,Benniganahalli,1541,1,0,1,1220.0,1467.0,1277.0,321.0,-0.9659258262890683,-0.25881904510252063,0.7818314824680298,0.6234898018587336
2025-08-12,18,Benniganahalli,1874,1,0,1,1541.0,2043.0,1545.0,333.0,-1.0,-1.8369701987210297e-16,0.7818314824680298,0.6234898018587336
2025-08-12,19,Benniganahalli,1770,1,0,1,1874.0,1688.0,1728.3333333333333,-104.0,-0.9659258262890684,0.2588190451025203,0.7818314824680298,0.6234898018587336
2025-08-12,20,Benniganahalli,1069,1,0,1,1770.0,959.0,1571.0,-701.0,-0.8660254037844386,0.5000000000000001,0.7818314824680298,0.6234898018587336
2025-08-12,21,Benniganahalli,664,1,0,0,1069.0,851.0,1167.6666666666667,-405.0,-0.7071067811865477,0.7071067811865474,0.7818314824680298,0.6234898018587336
2025-08-12,22,Benniganahalli,372,1,0,0,664.0,346.0,701.6666666666666,-292.0,-0.5000000000000004,0.8660254037844384,0.7818314824680298,0.6234898018587336
2025-08-12,23,Benniganahalli,37,1,0,0,372.0,40.0,357.6666666666667,-335.0,-0.25881904510252157,0.9659258262890681,0.7818314824680298,0.6234898018587336
2025-08-13,0,Benniganahalli,0,2,0,0,37.0,1.0,136.33333333333334,-37.0,0.0,1.0,0.9749279121818236,-0.22252093395631434
2025-08-13,1,Benniganahalli,0,2,0,0,0.0,0.0,12.333333333333334,0.0,0.25881904510252074,0.9659258262890683,0.9749279121818236,-0.22252093395631434
2025-08-13,2,Benniganahalli,0,2,0,0,0.0,0.0,0.0,0.0,0.49999999999999994,0.8660254037844387,0.9749279121818236,-0.22252093395631434
2025-08-13,3,Benniganahalli,0,2,0,0,0.0,0.0,0.0,0.0,0.7071067811865476,0.7071067811865476,0.9749279121818236,-0.22252093395631434
2025-08-13,4,Benniganahalli,29,2,0,0,0.0,41.0,9.666666666666666,29.0,0.8660254037844386,0.5000000000000001,0.9749279121818236,-0.22252093395631434
2025-08-13,5,Benniganahalli,188,2,0,0,29.0,209.0,72.33333333333333,159.0,0.9659258262890683,0.25881904510252074,0.9749279121818236,-0.22252093395631434
2025-08-13,6,Benniganahalli,497,2,0,0,188.0,588.0,238.0,309.0,1.0,6.123233995736766e-17,0.9749279121818236,-0.22252093395631434
2025-08-13,7,Benniganahalli,1374,2,0,1,497.0,1337.0,686.3333333333334,877.0,0.9659258262890683,-0.25881904510252063,0.9749279121818236,-0.22252093395631434
2025-08-13,8,Benniganahalli,3195,2,0,1,1374.0,3219.0,1688.6666666666667,1821.0,0.8660254037844387,-0.4999999999999998,0.9749279121818236,-0.22252093395631434
2025-08-13,9,Benniganahalli,4114,2,0,1,3195.0,4090.0,2894.3333333333335,919.0,0.7071067811865476,-0.7071067811865475,0.9749279121818236,-0.22252093395631434
2025-08-13,10,Benniganahalli,3207,2,0,1,4114.0,3216.0,3505.3333333333335,-907.0,0.49999999999999994,-0.8660254037844387,0.9749279121818236,-0.22252093395631434
2025-08-13,11,Benniganahalli,2032,2,0,0,3207.0,2013.0,3117.6666666666665,-1175.0,0.258819045102521,-0.9659258262890682,0.9749279121818236,-0.22252093395631434
2025-08-13,12,Benniganahalli,1532,2,0,0,2032.0,1464.0,2257.0,-500.0,1.2246467991473532e-16,-1.0,0.9749279121818236,-0.22252093395631434
2025-08-13,13,Benniganahalli,1144,2,0,0,1532.0,1286.0,1569.3333333333333,-388.0,-0.2588190451025208,-0.9659258262890683,0.9749279121818236,-0.22252093395631434
2025-08-13,14,Benniganahalli,1073,2,0,0,1144.0,950.0,1249.6666666666667,-71.0,-0.4999999999999997,-0.8660254037844388,0.9749279121818236,-0.22252093395631434
2025-08-13,15,Benniganahalli,1066,2,0,0,1073.0,1070.0,1094.3333333333333,-7.0,-0.7071067811865471,-0.7071067811865479,0.9749279121818236,-0.22252093395631434
2025-08-13,16,Benniganahalli,1271,2,0,0,1066.0,1220.0,1136.6666666666667,205.0,-0.8660254037844385,-0.5000000000000004,0.9749279121818236,-0.22252093395631434
2025-08-13,17,Benniganahalli,1779,2,0,1,1271.0,1541.0,1372.0,508.0,-0.9659258262890683,-0.25881904510252063,0.9749279121818236,-0.22252093395631434
2025-08-13,18,Benniganahalli,1863,2,0,1,1779.0,1874.0,1637.6666666666667,84.0,-1.0,-1.8369701987210297e-16,0.9749279121818236,-0.22252093395631434
2025-08-13,19,Benniganahalli,1859,2,0,1,1863.0,1770.0,1833.6666666666667,-4.0,-0.9659258262890684,0.2588190451025203,0.9749279121818236,-0.22252093395631434
2025-08-13,20,Benniganahalli,1683,2,0,1,1859.0,1069.0,1801.6666666666667,-176.0,-0.8660254037844386,0.5000000000000001,0.9749279121818236,-0.22252093395631434
2025-08-13,21,Benniganahalli,902,2,0,0,1683.0,664.0,1481.3333333333333,-781.0,-0.7071067811865477,0.7071067811865474,0.9749279121818236,-0.22252093395631434
2025-08-13,22,Benniganahalli,503,2,0,0,902.0,372.0,1029.3333333333333,-399.0,-0.5000000000000004,0.8660254037844384,0.9749279121818236,-0.22252093395631434
2025-08-13,23,Benniganahalli,70,2,0,0,503.0,37.0,491.6666666666667,-433.0,-0.25881904510252157,0.9659258262890681,0.9749279121818236,-0.22252093395631434
2025-08-14,0,Benniganahalli,3,3,0,0,70.0,0.0,192.0,-67.0,0.0,1.0,0.43388373911755823,-0.900968867902419
2025-08-14,1,Benniganahalli,0,3,0,0,3.0,0.0,24.333333333333332,-3.0,0.25881904510252074,0.9659258262890683,0.43388373911755823,-0.900968867902419
2025-08-14,2,Benniganahalli,0,3,0,0,0.0,0.0,1.0,0.0,0.49999999999999994,0.8660254037844387,0.43388373911755823,-0.900968867902419
2025-08-14,3,Benniganahalli,0,3,0,0,0.0,0.0,0.0,0.0,0.7071067811865476,0.7071067811865476,0.43388373911755823,-0.900968867902419
2025-08-14,4,Benniganahalli,39,3,0,0,0.0,29.0,13.0,39.0,0.8660254037844386,0.5000000000000001,0.43388373911755823,-0.900968867902419
2025-08-14,5,Benniganahalli,225,3,0,0,39.0,188.0,88.0,186.0,0.9659258262890683,0.25881904510252074,0.43388373911755823,-0.900968867902419
2025-08-14,6,Benniganahalli,520,3,0,0,225.0,497.0,261.3333333333333,295.0,1.0,6.123233995736766e-17,0.43388373911755823,-0.900968867902419
2025-08-14,7,Benniganahalli,1420,3,0,1,520.0,1374.0,721.6666666666666,900.0,0.9659258262890683,-0.25881904510252063,0.43388373911755823,-0.900968867902419
2025-08-14,8,Benniganahalli,2933,3,0,1,1420.0,3195.0,1624.3333333333333,1513.0,0.8660254037844387,-0.4999999999999998,0.43388373911755823,-0.900968867902419
2025-08-14,9,Benniganahalli,3693,3,0,1,2933.0,4114.0,2682.0,760.0,0.7071067811865476,-0.7071067811865475,0.43388373911755823,-0.900968867902419
2025-08-14,10,Benniganahalli,2956,3,0,1,3693.0,3207.0,3194.0,-737.0,0.49999999999999994,-0.8660254037844387,0.43388373911755823,-0.900968867902419
2025-08-14,11,Benniganahalli,1772,3,0,0,2956.0,2032.0,2807.0,-1184.0,0.258819045102521,-0.9659258262890682,0.43388373911755823,-0.900968867902419
2025-08-14,12,Benniganahalli,1501,3,0,0,1772.0,1532.0,2076.3333333333335,-271.0,1.2246467991473532e-16,-1.0,0.43388373911755823,-0.900968867902419
2025-08-14,13,Benniganahalli,1335,3,0,0,1501.0,1144.0,1536.0,-166.0,-0.2588190451025208,-0.9659258262890683,0.43388373911755823,-0.900968867902419
2025-08-14,14,Benniganahalli,1198,3,0,0,1335.0,1073.0,1344.6666666666667,-137.0,-0.4999999999999997,-0.8660254037844388,0.43388373911755823,-0.900968867902419
2025-08-14,15,Benniganahalli,1295,3,0,0,1198.0,1066.0,1276.0,97.0,-0.7071067811865471,-0.7071067811865479,0.43388373911755823,-0.900968867902419
2025-08-14,16,Benniganahalli,1635,3,0,0,1295.0,1271.0,1376.0,340.0,-0.8660254037844385,-0.5000000000000004,0.43388373911755823,-0.900968867902419
2025-08-14,17,Benniganahalli,2009,3,0,1,1635.0,1779.0,1646.3333333333333,374.0,-0.9659258262890683,-0.25881904510252063,0.43388373911755823,-0.900968867902419
2025-08-14,18,Benniganahalli,2619,3,0,1,2009.0,1863.0,2087.6666666666665,610.0,-1.0,-1.8369701987210297e-16,0.43388373911755823,-0.900968867902419
2025-08-14,19,Benniganahalli,2421,3,0,1,2619.0,1859.0,2349.6666666666665,-198.0,-0.9659258262890684,0.2588190451025203,0.43388373911755823,-0.900968867902419
2025-08-14,20,Benniganahalli,2004,3,0,1,2421.0,1683.0,2348.0,-417.0,-0.8660254037844386,0.5000000000000001,0.43388373911755823,-0.900968867902419
2025-08-14,21,Benniganahalli,1438,3,0,0,2004.0,902.0,1954.3333333333333,-566.0,-0.7071067811865477,0.7071067811865474,0.43388373911755823,-0.900968867902419
2025-08-14,22,Benniganahalli,887,3,0,0,1438.0,503.0,1443.0,-551.0,-0.5000000000000004,0.8660254037844384,0.43388373911755823,-0.900968867902419
2025-08-14,23,Benniganahalli,91,3,0,0,887.0,70.0,805.3333333333334,-796.0,-0.25881904510252157,0.9659258262890681,0.43388373911755823,-0.900968867902419
2025-08-02,0,Indiranagar,0,5,1,0,161.0,0.0,291.0,-161.0,0.0,1.0,-0.9749279121818236,-0.2225209339563146
2025-08-02,1,Indiranagar,0,5,1,0,0.0,0.0,53.666666666666664,0.0,0.25881904510252074,0.9659258262890683,-0.9749279121818236,-0.2225209339563146
2025-08-02,2,Indiranagar,0,5,1,0,0.0,0.0,0.0,0.0,0.49999999999999994,0.8660254037844387,-0.9749279121818236,-0.2225209339563146
2025-08-02,3,Indiranagar,0,5,1,0,0.0,0.0,0.0,0.0,0.7071067811865476,0.7071067811865476,-0.9749279121818236,-0.2225209339563146
2025-08-02,4,Indiranagar,8,5,1,0,0.0,4.0,2.6666666666666665,8.0,0.8660254037844386,0.5000000000000001,-0.9749279121818236,-0.2225209339563146
2025-08-02,5,Indiranagar,67,5,1,0,8.0,41.0,25.0,59.0,0.9659258262890683,0.25881904510252074,-0.9749279121818236,-0.2225209339563146
2025-08-02,6,Indiranagar,178,5,1,0,67.0,175.0,84.33333333333333,111.0,1.0,6.123233995736766e-17,-0.9749279121818236,-0.2225209339563146
2025-08-02,7,Indiranagar,479,5,1,1,178.0,621.0,241.33333333333334,301.0,0.9659258262890683,-0.25881904510252063,-0.9749279121818236,-0.2225209339563146
2025-08-02,8,Indiranagar,735,5,1,1,479.0,1256.0,464.0,256.0,0.8660254037844387,-0.4999999999999998,-0.9749279121818236,-0.2225209339563146
2025-08-02,9,Indiranagar,1012,5,1,1,735.0,1907.0,742.0,277.0,0.7071067811865476,-0.7071067811865475,-0.9749279121818236,-0.2225209339563146
2025-08-02,10,Indiranagar,954,5,1,1,1012.0,1392.0,900.3333333333334,-58.0,0.49999999999999994,-0.8660254037844387,-0.9749279121818236,-0.2225209339563146
2025-08-02,11,Indiranagar,884,5,1,0,954.0,834.0,950.0,-70.0,0.258819045102521,-0.9659258262890682,-0.9749279121818236,-0.2225209339563146
2025-08-02,12,Indiranagar,1196,5,1,0,884.0,776.0,1011.3333333333334,312.0,1.2246467991473532e-16,-1.0,-0.9749279121818236,-0.2225209339563146
2025-08-02,13,Indiranagar,1219,5,1,0,1196.0,859.0,1099.6666666666667,23.0,-0.2588190451025208,-0.9659258262890683,-0.9749279121818236,-0.2225209339563146
2025-08-02,14,Indiranagar,1365,5,1,0,1219.0,917.0,1260.0,146.0,-0.4999999999999997,-0.8660254037844388,-0.9749279121818236,-0.2225209339563146
2025-08-02,15,Indiranagar,1406,5,1,0,1365.0,1301.0,1330.0,41.0,-0.7071067811865471,-0.7071067811865479,-0.9749279121818236,-0.2225209339563146
2025-08-02,16,Indiranagar,1627,5,1,0,1406.0,1660.0,1466.0,221.0,-0.8660254037844385,-0.5000000000000004,-0.9749279121818236,-0.2225209339563146
2025-08-02,17,Indiranagar,1732,5,1,1,1627.0,2303.0,1588.3333333333333,105.0,-0.9659258262890683,-0.25881904510252063,-0.9749279121818236,-0.2225209339563146
2025-08-02,18,Indiranagar,2110,5,1,1,1732.0,3456.0,1823.0,378.0,-1.0,-1.8369701987210297e-16,-0.9749279121818236,-0.2225209339563146
2025-08-02,19,Indiranagar,1873,5,1,1,2110.0,2982.0,1905.0,-237.0,-0.9659258262890684,0.2588190451025203,-0.9749279121818236,-0.2225209339563146
2025-08-02,20,Indiranagar,1396,5,1,1,1873.0,1866.0,1793.0,-477.0,-0.8660254037844386,0.5000000000000001,-0.9749279121818236,-0.2225209339563146
2025-08-02,21,Indiranagar,1066,5,1,0,1396.0,1248.0,1445.0,-330.0,-0.7071067811865477,0.7071067811865474,-0.9749279121818236,-0.2225209339563146
2025-08-02,22,Indiranagar,747,5,1,0,1066.0,712.0,1069.6666666666667,-319.0,-0.5000000000000004,0.8660254037844384,-0.9749279121818236,-0.2225209339563146
2025-08-02,23,Indiranagar,171,5,1,0,747.0,161.0,661.3333333333334,-576.0,-0.25881904510252157,0.9659258262890681,-0.9749279121818236,-0.2225209339563146
2025-08-03,0,Indiranagar,0,6,1,0,171.0,0.0,306.0,-171.0,0.0,1.0,-0.7818314824680299,0.6234898018587334
2025-08-03,1,Indiranagar,0,6,1,0,0.0,0.0,57.0,0.0,0.25881904510252074,0.9659258262890683,-0.7818314824680299,0.6234898018587334
2025-08-03,2,Indiranagar,0,6,1,0,0.0,0.0,0.0,0.0,0.49999999999999994,0.8660254037844387,-0.7818314824680299,0.6234898018587334
2025-08-03,3,Indiranagar,0,6,1,0,0.0,0.0,0.0,0.0,0.7071067811865476,0.7071067811865476,-0.7818314824680299,0.6234898018587334
2025-08-03,4,Indiranagar,0,6,1,0,0.0,8.0,0.0,0.0,0.8660254037844386,0.5000000000000001,-0.7818314824680299,0.6234898018587334
2025-08-03,5,Indiranagar,0,6,1,0,0.0,67.0,0.0,0.0,0.9659258262890683,0.25881904510252074,-0.7818314824680299,0.6234898018587334
2025-08-03,6,Indiranagar,73,6,1,0,0.0,178.0,24.333333333333332,73.0,1.0,6.123233995736766e-17,-0.7818314824680299,0.6234898018587334
2025-08-03,7,Indiranagar,271,6,1,1,73.0,479.0,114.66666666666667,198.0,0.9659258262890683,-0.25881904510252063,-0.7818314824680299,0.6234898018587334
2025-08-03,8,Indiranagar,346,6,1,1,271.0,735.0,230.0,75.0,0.8660254037844387,-0.4999999999999998,-0.7818314824680299,0.6234898018587334
2025-08-03,9,Indiranagar,475,6,1,1,346.0,1012.0,364.0,129.0,0.7071067811865476,-0.7071067811865475,-0.7818314824680299,0.6234898018587334
2025-08-03,10,Indiranagar,706,6,1,1,475.0,954.0,509.0,231.0,0.49999999999999994,-0.8660254037844387,-0.7818314824680299,0.6234898018587334
2025-08-03,11,Indiranagar,813,6,1,0,706.0,884.0,664.6666666666666,107.0,0.258819045102521,-0.9659258262890682,-0.7818314824680299,0.6234898018587334
2025-08-03,12,Indiranagar,932,6,1,0,813.0,1196.0,817.0,119.0,1.2246467991473532e-16,-1.0,-0.7818314824680299,0.6234898018587334
2025-08-03,13,Indiranagar,1053,6,1,0,932.0,1219.0,932.6666666666666,121.0,-0.2588190451025208,-0.9659258262890683,-0.7818314824680299,0.6234898018587334
2025-08-03,14,Indiranagar,1061,6,1,0,1053.0,1365.0,1015.3333333333334,8.0,-0.4999999999999997,-0.8660254037844388,-0.7818314824680299,0.6234898018587334
2025-08-03,15,Indiranagar,1186,6,1,0,1061.0,1406.0,1100.0,125.0,-0.7071067811865471,-0.7071067811865479,-0.7818314824680299,0.6234898018587334
2025-08-03,16,Indiranagar,1394,6,1,0,1186.0,1627.0,1213.6666666666667,208.0,-0.8660254037844385,-0.5000000000000004,-0.7818314824680299,0.6234898018587334
2025-08-03,17,Indiranagar,1025,6,1,1,1394.0,1732.0,1201.6666666666667,-369.0,-0.9659258262890683,-0.25881904510252063,-0.7818314824680299,0.6234898018587334
2025-08-03,18,Indiranagar,1190,6,1,1,1025.0,2110.0,1203.0,165.0,-1.0,-1.8369701987210297e-16,-0.7818314824680299,0.6234898018587334
2025-08-03,19,Indiranagar,1075,6,1,1,1190.0,1873.0,1096.6666666666667,-115.0,-0.9659258262890684,0.2588190451025203,-0.7818314824680299,0.6234898018587334
2025-08-03,20,Indiranagar,993,6,1,1,1075.0,1396.0,1086.0,-82.0,-0.8660254037844386,0.5000000000000001,-0.7818314824680299,0.6234898018587334
2025-08-03,21,Indiranagar,829,6,1,0,993.0,1066.0,965.6666666666666,-164.0,-0.7071067811865477,0.7071067811865474,-0.7818314824680299,0.6234898018587334
2025-08-03,22,Indiranagar,614,6,1,0,829.0,747.0,812.0,-215.0,-0.5000000000000004,0.8660254037844384,-0.7818314824680299,0.6234898018587334
2025-08-03,23,Indiranagar,93,6,1,0,614.0,171.0,512.0,-521.0,-0.25881904510252157,0.9659258262890681,-0.7818314824680299,0.6234898018587334
2025-08-04,0,Indiranagar,0,0,0,0,93.0,0.0,235.66666666666666,-93.0,0.0,1.0,0.0,1.0
2025-08-04,1,Indiranagar,0,0,0,0,0.0,0.0,31.0,0.0,0.25881904510252074,0.9659258262890683,0.0,1.0
2025-08-04,2,Indiranagar,0,0,0,0,0.0,0.0,0.0,0.0,0.49999999999999994,0.8660254037844387,0.0,1.0
2025-08-04,3,Indiranagar,0,0,0,0,0.0,0.0,0.0,0.0,0.7071067811865476,0.7071067811865476,0.0,1.0
2025-08-04,4,Indiranagar,17,0,0,0,0.0,0.0,5.666666666666667,17.0,0.8660254037844386,0.5000000000000001,0.0,1.0
2025-08-04,5,Indiranagar,69,0,0,0,17.0,0.0,28.666666666666668,52.0,0.9659258262890683,0.25881904510252074,0.0,1.0
2025-08-04,6,Indiranagar,231,0,0,0,69.0,73.0,105.66666666666667,162.0,1.0,6.123233995736766e-17,0.0,1.0
2025-08-04,7,Indiranagar,678,0,0,1,231.0,271.0,326.0,447.0,0.9659258262890683,-0.25881904510252063,0.0,1.0
2025-08-04,8,Indiranagar,1418,0,0,1,678.0,346.0,775.6666666666666,740.0,0.8660254037844387,-0.4999999999999998,0.0,1.0
2025-08-04,9,Indiranagar,2034,0,0,1,1418.0,475.0,1376.6666666666667,616.0,0.7071067811865476,-0.7071067811865475,0.0,1.0
2025-08-04,10,Indiranagar,1418,0,0,1,2034.0,706.0,1623.3333333333333,-616.0,0.49999999999999994,-0.8660254037844387,0.0,1.0
2025-08-04,11,Indiranagar,871,0,0,0,1418.0,813.0,1441.0,-547.0,0.258819045102521,-0.9659258262890682,0.0,1.0
2025-08-04,12,Indiranagar,763,0,0,0,871.0,932.0,1017.3333333333334,-108.0,1.2246467991473532e-16,-1.0,0.0,1.0
2025-08-04,13,Indiranagar,826,0,0,0,763.0,1053.0,820.0,63.0,-0.2588190451025208,-0.9659258262890683,0.0,1.0
2025-08-04,14,Indiranagar,853,0,0,0,826.0,1061.0,814.0,27.0,-0.4999999999999997,-0.8660254037844388,0.0,1.0
2025-08-04,15,Indiranagar,1253,0,0,0,853.0,1186.0,977.3333333333334,400.0,-0.7071067811865471,-0.7071067811865479,0.0,1.0
2025-08-04,16,Indiranagar,1781,0,0,0,1253.0,1394.0,1295.6666666666667,528.0,-0.8660254037844385,-0.5000000000000004,0.0,1.0
2025-08-04,17,Indiranagar,2340,0,0,1,1781.0,1025.0,1791.3333333333333,559.0,-0.9659258262890683,-0.25881904510252063,0.0,1.0
2025-08-04,18,Indiranagar,3561,0,0,1,2340.0,1190.0,2560.6666666666665,1221.0,-1.0,-1.8369701987210297e-16,0.0,1.0
2025-08-04,19,Indiranagar,2723,0,0,1,3561.0,1075.0,2874.6666666666665,-838.0,-0.9659258262890684,0.2588190451025203,0.0,1.0
2025-08-04,20,Indiranagar,1398,0,0,1,2723.0,993.0,2560.6666666666665,-1325.0,-0.8660254037844386,0.5000000000000001,0.0,1.0
2025-08-04,21,Indiranagar,885,0,0,0,1398.0,829.0,1668.6666666666667,-513.0,-0.7071067811865477,0.7071067811865474,0.0,1.0
2025-08-04,22,Indiranagar,412,0,0,0,885.0,614.0,898.3333333333334,-473.0,-0.5000000000000004,0.8660254037844384,0.0,1.0
2025-08-04,23,Indiranagar,39,0,0,0,412.0,93.0,445.3333333333333,-373.0,-0.25881904510252157,0.9659258262890681,0.0,1.0
2025-08-05,0,Indiranagar,0,1,0,0,39.0,0.0,150.33333333333334,-39.0,0.0,1.0,0.7818314824680298,0.6234898018587336
2025-08-05,1,Indiranagar,0,1,0,0,0.0,0.0,13.0,0.0,0.25881904510252074,0.9659258262890683,0.7818314824680298,0.6234898018587336
2025-08-05,2,Indiranagar,0,1,0,0,0.0,0.0,0.0,0.0,0.49999999999999994,0.8660254037844387,0.7818314824680298,0.6234898018587336
2025-08-05,3,Indiranagar,0,1,0,0,0.0,0.0,0.0,0.0,0.7071067811865476,0.7071067811865476,0.7818314824680298,0.6234898018587336
2025-08-05,4,Indiranagar,4,1,0,0,0.0,17.0,1.3333333333333333,4.0,0.8660254037844386,0.5000000000000001,0.7818314824680298,0.6234898018587336
2025-08-05,5,Indiranagar,43,1,0,0,4.0,69.0,15.666666666666666,39.0,0.9659258262890683,0.25881904510252074,0.7818314824680298,0.6234898018587336
2025-08-05,6,Indiranagar,187,1,0,0,43.0,231.0,78.0,144.0,1.0,6.123233995736766e-17,0.7818314824680298,0.6234898018587336
2025-08-05,7,Indiranagar,707,1,0,1,187.0,678.0,312.3333333333333,520.0,0.9659258262890683,-0.25881904510252063,0.7818314824680298,0.6234898018587336
2025-08-05,8,Indiranagar,1424,1,0,1,707.0,1418.0,772.6666666666666,717.0,0.8660254037844387,-0.4999999999999998,0.7818314824680298,0.6234898018587336
2025-08-05,9,Indiranagar,2141,1,0,1,1424.0,2034.0,1424.0,717.0,0.7071067811865476,-0.7071067811865475,0.7818314824680298,0.6234898018587336
2025-08-05,10,Indiranagar,1491,1,0,1,2141.0,1418.0,1685.3333333333333,-650.0,0.49999999999999994,-0.8660254037844387,0.7818314824680298,0.6234898018587336
2025-08-05,11,Indiranagar,892,1,0,0,1491.0,871.0,1508.0,-599.0,0.258819045102521,-0.9659258262890682,0.7818314824680298,0.6234898018587336
2025-08-05,12,Indiranagar,713,1,0,0,892.0,763.0,1032.0,-179.0,1.2246467991473532e-16,-1.0,0.7818314824680298,0.6234898018587336
2025-08-05,13,Indiranagar,818,1,0,0,713.0,826.0,807.6666666666666,105.0,-0.2588190451025208,-0.9659258262890683,0.7818314824680298,0.6234898018587336
2025-08-05,14,Indiranagar,784,1,0,0,818.0,853.0,771.6666666666666,-34.0,-0.4999999999999997,-0.8660254037844388,0.7818314824680298,0.6234898018587336
2025-08-05,15,Indiranagar,1159,1,0,0,784.0,1253.0,920.3333333333334,375.0,-0.7071067811865471,-0.7071067811865479,0.7818314824680298,0.6234898018587336
2025-08-05,16,Indiranagar,1686,1,0,0,1159.0,1781.0,1209.6666666666667,527.0,-0.8660254037844385,-0.5000000000000004,0.7818314824680298,0.6234898018587336
2025-08-05,17,Indiranagar,2408,1,0,1,1686.0,2340.0,1751.0,722.0,-0.9659258262890683,-0.25881904510252063,0.7818314824680298,0.6234898018587336
2025-08-05,18,Indiranagar,3850,1,0,1,2408.0,3561.0,2648.0,1442.0,-1.0,-1.8369701987210297e-16,0.7818314824680298,0.6234898018587336
2025-08-05,19,Indiranagar,3127,1,0,1,3850.0,2723.0,3128.3333333333335,-723.0,-0.9659258262890684,0.2588190451025203,0.7818314824680298,0.6234898018587336
2025-08-05,20,Indiranagar,1667,1,0,1,3127.0,1398.0,2881.3333333333335,-1460.0,-0.8660254037844386,0.5000000000000001,0.7818314824680298,0.6234898018587336
2025-08-05,21,Indiranagar,845,1,0,0,1667.0,885.0,1879.6666666666667,-822.0,-0.7071067811865477,0.7071067811865474,0.7818314824680298,0.6234898018587336
2025-08-05,22,Indiranagar,448,1,0,0,845.0,412.0,986.6666666666666,-397.0,-0.5000000000000004,0.8660254037844384,0.7818314824680298,0.6234898018587336
2025-08-05,23,Indiranagar,62,1,0,0,448.0,39.0,451.6666666666667,-386.0,-0.25881904510252157,0.9659258262890681,0.7818314824680298,0.6234898018587336
2025-08-06,0,Indiranagar,0,2,0,0,62.0,0.0,170.0,-62.0,0.0,1.0,0.9749279121818236,-0.22252093395631434
2025-08-06,1,Indiranagar,0,2,0,0,0.0,0.0,20.666666666666668,0.0,0.25881904510252074,0.9659258262890683,0.9749279121818236,-0.22252093395631434
2025-08-06,2,Indiranagar,0,2,0,0,0.0,0.0,0.0,0.0,0.49999999999999994,0.8660254037844387,0.9749279121818236,-0.22252093395631434
2025-08-06,3,Indiranagar,0,2,0,0,0.0,0.0,0.0,0.0,0.7071067811865476,0.7071067811865476,0.9749279121818236,-0.22252093395631434
2025-08-06,4,Indiranagar,5,2,0,0,0.0,4.0,1.6666666666666667,5.0,0.8660254037844386,0.5000000000000001,0.9749279121818236,-0.22252093395631434
2025-08-06,5,Indiranagar,38,2,0,0,5.0,43.0,14.333333333333334,33.0,0.9659258262890683,0.25881904510252074,0.9749279121818236,-0.22252093395631434
2025-08-06,6,Indiranagar,201,2,0,0,38.0,187.0,81.33333333333333,163.0,1.0,6.123233995736766e-17,0.9749279121818236,-0.22252093395631434
2025-08-06,7,Indiranagar,690,2,0,1,201.0,707.0,309.6666666666667,489.0,0.9659258262890683,-0.25881904510252063,0.9749279121818236,-0.22252093395631434
2025-08-06,8,Indiranagar,1443,2,0,1,690.0,1424.0,778.0,753.0,0.8660254037844387,-0.4999999999999998,0.9749279121818236,-0.22252093395631434
2025-08-06,9,Indiranagar,2195,2,0,1,1443.0,2141.0,1442.6666666666667,752.0,0.7071067811865476,-0.7071067811865475,0.9749279121818236,-0.22252093395631434
2025-08-06,10,Indiranagar,1541,2,0,1,2195.0,1491.0,1726.3333333333333,-654.0,0.49999999999999994,-0.8660254037844387,0.9749279121818236,-0.22252093395631434
2025-08-06,11,Indiranagar,902,2,0,0,1541.0,892.0,1546.0,-639.0,0.258819045102521,-0.9659258262890682,0.9749279121818236,-0.22252093395631434
2025-08-06,12,Indiranagar,760,2,0,0,902.0,713.0,1067.6666666666667,-142.0,1.2246467991473532e-16,-1.0,0.9749279121818236,-0.22252093395631434
2025-08-06,13,Indiranagar,858,2,0,0,760.0,818.0,840.0,98.0,-0.2588190451025208,-0.9659258262890683,0.9749279121818236,-0.22252093395631434
2025-08-06,14,Indiranagar,929,2,0,0,858.0,784.0,849.0,71.0,-0.4999999999999997,-0.8660254037844388,0.9749279121818236,-0.22252093395631434
2025-08-06,15,Indiranagar,1218,2,0,0,929.0,1159.0,1001.6666666666666,289.0,-0.7071067811865471,-0.7071067811865479,0.9749279121818236,-0.22252093395631434
2025-08-06,16,Indiranagar,1842,2,0,0,1218.0,1686.0,1329.6666666666667,624.0,-0.8660254037844385,-0.5000000000000004,0.9749279121818236,-0.22252093395631434
2025-08-06,17,Indiranagar,2576,2,0,1,1842.0,2408.0,1878.6666666666667,734.0,-0.9659258262890683,-0.25881904510252063,0.9749279121818236,-0.22252093395631434
2025-08-06,18,Indiranagar,3708,2,0,1,2576.0,3850.0,2708.6666666666665,1132.0,-1.0,-1.8369701987210297e-16,0.9749279121818236,-0.22252093395631434
2025-08-06,19,Indiranagar,3223,2,0,1,3708.0,3127.0,3169.0,-485.0,-0.9659258262890684,0.2588190451025203,0.9749279121818236,-0.22252093395631434
2025-08-06,20,Indiranagar,1753,2,0,1,3223.0,1667.0,2894.6666666666665,-1470.0,-0.8660254037844386,0.5000000000000001,0.9749279121818236,-0.22252093395631434
2025-08-06,21,Indiranagar,950,2,0,0,1753.0,845.0,1975.3333333333333,-803.0,-0.7071067811865477,0.7071067811865474,0.9749279121818236,-0.22252093395631434
2025-08-06,22,Indiranagar,606,2,0,0,950.0,448.0,1103.0,-344.0,-0.5000000000000004,0.8660254037844384,0.9749279121818236,-0.22252093395631434
2025-08-06,23,Indiranagar,76,2,0,0,606.0,62.0,544.0,-530.0,-0.25881904510252157,0.9659258262890681,0.9749279121818236,-0.22252093395631434
2025-08-07,0,Indiranagar,0,3,0,0,76.0,0.0,227.33333333333334,-76.0,0.0,1.0,0.43388373911755823,-0.900968867902419
2025-08-07,1,Indiranagar,0,3,0,0,0.0,0.0,25.333333333333332,0.0,0.25881904510252074,0.9659258262890683,0.43388373911755823,-0.900968867902419
2025-08-07,2,Indiranagar,0,3,0,0,0.0,0.0,0.0,0.0,0.49999999999999994,0.8660254037844387,0.43388373911755823,-0.900968867902419
2025-08-07,3,Indiranagar,0,3,0,0,0.0,0.0,0.0,0.0,0.7071067811865476,0.7071067811865476,0.43388373911755823,-0.900968867902419
2025-08-07,4,Indiranagar,6,3,0,0,0.0,5.0,2.0,6.0,0.8660254037844386,0.5000000000000001,0.43388373911755823,-0.900968867902419
2025-08-07,5,Indiranagar,52,3,0,0,6.0,38.0,19.333333333333332,46.0,0.9659258262890683,0.25881904510252074,0.43388373911755823,-0.900968867902419
2025-08-07,6,Indiranagar,204,3,0,0,52.0,201.0,87.33333333333333,152.0,1.0,6.123233995736766e-17,0.43388373911755823,-0.900968867902419
2025-08-07,7,Indiranagar,616,3,0,1,204.0,690.0,290.6666666666667,412.0,0.9659258262890683,-0.25881904510252063,0.43388373911755823,-0.900968867902419
2025-08-07,8,Indiranagar,1372,3,0,1,616.0,1443.0,730.6666666666666,756.0,0.8660254037844387,-0.4999999999999998,0.43388373911755823,-0.900968867902419
2025-08-07,9,Indiranagar,2130,3,0,1,1372.0,2195.0,1372.6666666666667,758.0,0.7071067811865476,-0.7071067811865475,0.43388373911755823,-0.900968867902419
2025-08-07,10,Indiranagar,1567,3,0,1,2130.0,1541.0,1689.6666666666667,-563.0,0.49999999999999994,-0.8660254037844387,0.43388373911755823,-0.900968867902419
2025-08-07,11,Indiranagar,854,3,0,0,1567.0,902.0,1517.0,-713.0,0.258819045102521,-0.9659258262890682,0.43388373911755823,-0.900968867902419
2025-08-07,12,Indiranagar,767,3,0,0,854.0,760.0,1062.6666666666667,-87.0,1.2246467991473532e-16,-1.0,0.43388373911755823,-0.900968867902419
2025-08-07,13,Indiranagar,852,3,0,0,767.0,858.0,824.3333333333334,85.0,-0.2588190451025208,-0.9659258262890683,0.43388373911755823,-0.900968867902419
2025-08-07,14,Indiranagar,985,3,0,0,852.0,929.0,868.0,133.0,-0.4999999999999997,-0.8660254037844388,0.43388373911755823,-0.900968867902419
2025-08-07,15,Indiranagar,1185,3,0,0,985.0,1218.0,1007.3333333333334,200.0,-0.7071067811865471,-0.7071067811865479,0.43388373911755823,-0.900968867902419
2025-08-07,16,Indiranagar,1728,3,0,0,1185.0,1842.0,1299.3333333333333,543.0,-0.8660254037844385,-0.5000000000000004,0.43388373911755823,-0.900968867902419
2025-08-07,17,Indiranagar,2503,3,0,1,1728.0,2576.0,1805.3333333333333,775.0,-0.9659258262890683,-0.25881904510252063,0.43388373911755823,-0.900968867902419
2025-08-07,18,Indiranagar,3712,3,0,1,2503.0,3708.0,2647.6666666666665,1209.0,-1.0,-1.8369701987210297e-16,0.43388373911755823,-0.900968867902419
2025-08-07,19,Indiranagar,3310,3,0,1,3712.0,3223.0,3175.0,-402.0,-0.9659258262890684,0.2588190451025203,0.43388373911755823,-0.900968867902419
2025-08-07,20,Indiranagar,1870,3,0,1,3310.0,1753.0,2964.0,-1440.0,-0.8660254037844386,0.5000000000000001,0.43388373911755823,-0.900968867902419
2025-08-07,21,Indiranagar,1048,3,0,0,1870.0,950.0,2076.0,-822.0,-0.7071067811865477,0.7071067811865474,0.43388373911755823,-0.900968867902419
2025-08-07,22,Indiranagar,584,3,0,0,1048.0,606.0,1167.3333333333333,-464.0,-0.5000000000000004,0.8660254037844384,0.43388373911755823,-0.900968867902419
2025-08-07,23,Indiranagar,71,3,0,0,584.0,76.0,567.6666666666666,-513.0,-0.25881904510252157,0.9659258262890681,0.43388373911755823,-0.900968867902419
2025-08-08,0,Indiranagar,0,4,0,0,71.0,0.0,218.33333333333334,-71.0,0.0,1.0,-0.433883739117558,-0.9009688679024191
2025-08-08,1,Indiranagar,0,4,0,0,0.0,0.0,23.666666666666668,0.0,0.25881904510252074,0.9659258262890683,-0.433883739117558,-0.9009688679024191
2025-08-08,2,Indiranagar,0,4,0,0,0.0,0.0,0.0,0.0,0.49999999999999994,0.8660254037844387,-0.433883739117558,-0.9009688679024191
2025-08-08,3,Indiranagar,0,4,0,0,0.0,0.0,0.0,0.0,0.7071067811865476,0.7071067811865476,-0.433883739117558,-0.9009688679024191
2025-08-08,4,Indiranagar,10,4,0,0,0.0,6.0,3.3333333333333335,10.0,0.8660254037844386,0.5000000000000001,-0.433883739117558,-0.9009688679024191
2025-08-08,5,Indiranagar,48,4,0,0,10.0,52.0,19.333333333333332,38.0,0.9659258262890683,0.25881904510252074,-0.433883739117558,-0.9009688679024191
2025-08-08,6,Indiranagar,168,4,0,0,48.0,204.0,75.33333333333333,120.0,1.0,6.123233995736766e-17,-0.433883739117558,-0.9009688679024191
2025-08-08,7,Indiranagar,473,4,0,1,168.0,616.0,229.66666666666666,305.0,0.9659258262890683,-0.25881904510252063,-0.433883739117558,-0.9009688679024191
2025-08-08,8,Indiranagar,964,4,0,1,473.0,1372.0,535.0,491.0,0.8660254037844387,-0.4999999999999998,-0.433883739117558,-0.9009688679024191
2025-08-08,9,Indiranagar,1535,4,0,1,964.0,2130.0,990.6666666666666,571.0,0.7071067811865476,-0.7071067811865475,-0.433883739117558,-0.9009688679024191
2025-08-08,10,Indiranagar,1081,4,0,1,1535.0,1567.0,1193.3333333333333,-454.0,0.49999999999999994,-0.8660254037844387,-0.433883739117558,-0.9009688679024191
2025-08-08,11,Indiranagar,722,4,0,0,1081.0,854.0,1112.6666666666667,-359.0,0.258819045102521,-0.9659258262890682,-0.433883739117558,-0.9009688679024191
2025-08-08,12,Indiranagar,740,4,0,0,722.0,767.0,847.6666666666666,18.0,1.2246467991473532e-16,-1.0,-0.433883739117558,-0.9009688679024191
2025-08-08,13,Indiranagar,796,4,0,0,740.0,852.0,752.6666666666666,56.0,-0.2588190451025208,-0.9659258262890683,-0.433883739117558,-0.9009688679024191
2025-08-08,14,Indiranagar,774,4,0,0,796.0,985.0,770.0,-22.0,-0.4999999999999997,-0.8660254037844388,-0.433883739117558,-0.9009688679024191
2025-08-08,15,Indiranagar,996,4,0,0,774.0,1185.0,855.3333333333334,222.0,-0.7071067811865471,-0.7071067811865479,-0.433883739117558,-0.9009688679024191
2025-08-08,16,Indiranagar,1460,4,0,0,996.0,1728.0,1076.6666666666667,464.0,-0.8660254037844385,-0.5000000000000004,-0.433883739117558,-0.9009688679024191
2025-08-08,17,Indiranagar,2123,4,0,1,1460.0,2503.0,1526.3333333333333,663.0,-0.9659258262890683,-0.25881904510252063,-0.433883739117558,-0.9009688679024191
2025-08-08,18,Indiranagar,2746,4,0,1,2123.0,3712.0,2109.6666666666665,623.0,-1.0,-1.8369701987210297e-16,-0.433883739117558,-0.9009688679024191
2025-08-08,19,Indiranagar,2257,4,0,1,2746.0,3310.0,2375.3333333333335,-489.0,-0.9659258262890684,0.2588190451025203,-0.433883739117558,-0.9009688679024191
2025-08-08,20,Indiranagar,1360,4,0,1,2257.0,1870.0,2121.0,-897.0,-0.8660254037844386,0.5000000000000001,-0.433883739117558,-0.9009688679024191
2025-08-08,21,Indiranagar,891,4,0,0,1360.0,1048.0,1502.6666666666667,-469.0,-0.7071067811865477,0.7071067811865474,-0.433883739117558,-0.9009688679024191
2025-08-08,22,Indiranagar,586,4,0,0,891.0,584.0,945.6666666666666,-305.0,-0.5000000000000004,0.8660254037844384,-0.433883739117558,-0.9009688679024191
2025-08-08,23,Indiranagar,103,4,0,0,586.0,71.0,526.6666666666666,-483.0,-0.25881904510252157,0.9659258262890681,-0.433883739117558,-0.9009688679024191
2025-08-09,0,Indiranagar,0,5,1,0,103.0,0.0,229.66666666666666,-103.0,0.0,1.0,-0.9749279121818236,-0.2225209339563146
2025-08-09,1,Indiranagar,0,5,1,0,0.0,0.0,34.333333333333336,0.0,0.25881904510252074,0.9659258262890683,-0.9749279121818236,-0.2225209339563146
2025-08-09,2,Indiranagar,0,5,1,0,0.0,0.0,0.0,0.0,0.49999999999999994,0.8660254037844387,-0.9749279121818236,-0.2225209339563146
2025-08-09,3,Indiranagar,0,5,1,0,0.0,0.0,0.0,0.0,0.7071067811865476,0.7071067811865476,-0.9749279121818236,-0.2225209339563146
2025-08-09,4,Indiranagar,9,5,1,0,0.0,10.0,3.0,9.0,0.8660254037844386,0.5000000000000001,-0.9749279121818236,-0.2225209339563146
2025-08-09,5,Indiranagar,73,5,1,0,9.0,48.0,27.333333333333332,64.0,0.9659258262890683,0.25881904510252074,-0.9749279121818236,-0.2225209339563146
2025-08-09,6,Indiranagar,171,5,1,0,73.0,168.0,84.33333333333333,98.0,1.0,6.123233995736766e-17,-0.9749279121818236,-0.2225209339563146
2025-08-09,7,Indiranagar,393,5,1,1,171.0,473.0,212.33333333333334,222.0,0.9659258262890683,-0.25881904510252063,-0.9749279121818236,-0.2225209339563146
2025-08-09,8,Indiranagar,647,5,1,1,393.0,964.0,403.6666666666667,254.0,0.8660254037844387,-0.4999999999999998,-0.9749279121818236,-0.2225209339563146
2025-08-09,9,Indiranagar,749,5,1,1,647.0,1535.0,596.3333333333334,102.0,0.7071067811865476,-0.7071067811865475,-0.9749279121818236,-0.2225209339563146
2025-08-09,10,Indiranagar,799,5,1,1,749.0,1081.0,731.6666666666666,50.0,0.49999999999999994,-0.8660254037844387,-0.9749279121818236,-0.2225209339563146
2025-08-09,11,Indiranagar,981,5,1,0,799.0,722.0,843.0,182.0,0.258819045102521,-0.9659258262890682,-0.9749279121818236,-0.2225209339563146
2025-08-09,12,Indiranagar,1126,5,1,0,981.0,740.0,968.6666666666666,145.0,1.2246467991473532e-16,-1.0,-0.9749279121818236,-0.2225209339563146
2025-08-09,13,Indiranagar,1189,5,1,0,1126.0,796.0,1098.6666666666667,63.0,-0.2588190451025208,-0.9659258262890683,-0.9749279121818236,-0.2225209339563146
2025-08-09,14,Indiranagar,1377,5,1,0,1189.0,774.0,1230.6666666666667,188.0,-0.4999999999999997,-0.8660254037844388,-0.9749279121818236,-0.2225209339563146
2025-08-09,15,Indiranagar,1377,5,1,0,1377.0,996.0,1314.3333333333333,0.0,-0.7071067811865471,-0.7071067811865479,-0.9749279121818236,-0.2225209339563146
2025-08-09,16,Indiranagar,1614,5,1,0,1377.0,1460.0,1456.0,237.0,-0.8660254037844385,-0.5000000000000004,-0.9749279121818236,-0.2225209339563146
2025-08-09,17,Indiranagar,1790,5,1,1,1614.0,2123.0,1593.6666666666667,176.0,-0.9659258262890683,-0.25881904510252063,-0.9749279121818236,-0.2225209339563146
2025-08-09,18,Indiranagar,1849,5,1,1,1790.0,2746.0,1751.0,59.0,-1.0,-1.8369701987210297e-16,-0.9749279121818236,-0.2225209339563146
2025-08-09,19,Indiranagar,1565,5,1,1,1849.0,2257.0,1734.6666666666667,-284.0,-0.9659258262890684,0.2588190451025203,-0.9749279121818236,-0.2225209339563146
2025-08-09,20,Indiranagar,1156,5,1,1,1565.0,1360.0,1523.3333333333333,-409.0,-0.8660254037844386,0.5000000000000001,-0.9749279121818236,-0.2225209339563146
2025-08-09,21,Indiranagar,853,5,1,0,1156.0,891.0,1191.3333333333333,-303.0,-0.7071067811865477,0.7071067811865474,-0.9749279121818236,-0.2225209339563146
2025-08-09,22,Indiranagar,591,5,1,0,853.0,586.0,866.6666666666666,-262.0,-0.5000000000000004,0.8660254037844384,-0.9749279121818236,-0.2225209339563146
2025-08-09,23,Indiranagar,137,5,1,0,591.0,103.0,527.0,-454.0,-0.25881904510252157,0.9659258262890681,-0.9749279121818236,-0.2225209339563146
2025-08-10,0,Indiranagar,0,6,1,0,137.0,0.0,242.66666666666666,-137.0,0.0,1.0,-0.7818314824680299,0.6234898018587334
2025-08-10,1,Indiranagar,0,6,1,0,0.0,0.0,45.666666666666664,0.0,0.25881904510252074,0.9659258262890683,-0.7818314824680299,0.6234898018587334
2025-08-10,2,Indiranagar,0,6,1,0,0.0,0.0,0.0,0.0,0.49999999999999994,0.8660254037844387,-0.7818314824680299,0.6234898018587334
2025-08-10,3,Indiranagar,0,6,1,0,0.0,0.0,0.0,0.0,0.7071067811865476,0.7071067811865476,-0.7818314824680299,0.6234898018587334
2025-08-10,4,Indiranagar,0,6,1,0,0.0,9.0,0.0,0.0,0.8660254037844386,0.5000000000000001,-0.7818314824680299,0.6234898018587334
2025-08-10,5,Indiranagar,0,6,1,0,0.0,73.0,0.0,0.0,0.9659258262890683,0.25881904510252074,-0.7818314824680299,0.6234898018587334
2025-08-10,6,Indiranagar,65,6,1,0,0.0,171.0,21.666666666666668,65.0,1.0,6.123233995736766e-17,-0.7818314824680299,0.6234898018587334
2025-08-10,7,Indiranagar,252,6,1,1,65.0,393.0,105.66666666666667,187.0,0.9659258262890683,-0.25881904510252063,-0.7818314824680299,0.6234898018587334
2025-08-10,8,Indiranagar,370,6,1,1,252.0,647.0,229.0,118.0,0.8660254037844387,-0.4999999999999998,-0.7818314824680299,0.6234898018587334
2025-08-10,9,Indiranagar,504,6,1,1,370.0,749.0,375.3333333333333,134.0,0.7071067811865476,-0.7071067811865475,-0.7818314824680299,0.6234898018587334
2025-08-10,10,Indiranagar,643,6,1,1,504.0,799.0,505.6666666666667,139.0,0.49999999999999994,-0.8660254037844387,-0.7818314824680299,0.6234898018587334
2025-08-10,11,Indiranagar,842,6,1,0,643.0,981.0,663.0,199.0,0.258819045102521,-0.9659258262890682,-0.7818314824680299,0.6234898018587334
2025-08-10,12,Indiranagar,902,6,1,0,842.0,1126.0,795.6666666666666,60.0,1.2246467991473532e-16,-1.0,-0.7818314824680299,0.6234898018587334
2025-08-10,13,Indiranagar,996,6,1,0,902.0,1189.0,913.3333333333334,94.0,-0.2588190451025208,-0.9659258262890683,-0.7818314824680299,0.6234898018587334
2025-08-10,14,Indiranagar,909,6,1,0,996.0,1377.0,935.6666666666666,-87.0,-0.4999999999999997,-0.8660254037844388,-0.7818314824680299,0.6234898018587334
2025-08-10,15,Indiranagar,1036,6,1,0,909.0,1377.0,980.3333333333334,127.0,-0.7071067811865471,-0.7071067811865479,-0.7818314824680299,0.6234898018587334
2025-08-10,16,Indiranagar,1139,6,1,0,1036.0,1614.0,1028.0,103.0,-0.8660254037844385,-0.5000000000000004,-0.7818314824680299,0.6234898018587334
2025-08-10,17,Indiranagar,1126,6,1,1,1139.0,1790.0,1100.3333333333333,-13.0,-0.9659258262890683,-0.25881904510252063,-0.7818314824680299,0.6234898018587334
2025-08-10,18,Indiranagar,1192,6,1,1,1126.0,1849.0,1152.3333333333333,66.0,-1.0,-1.8369701987210297e-16,-0.7818314824680299,0.6234898018587334
2025-08-10,19,Indiranagar,1105,6,1,1,1192.0,1565.0,1141.0,-87.0,-0.9659258262890684,0.2588190451025203,-0.7818314824680299,0.6234898018587334
2025-08-10,20,Indiranagar,925,6,1,1,1105.0,1156.0,1074.0,-180.0,-0.8660254037844386,0.5000000000000001,-0.7818314824680299,0.6234898018587334
2025-08-10,21,Indiranagar,774,6,1,0,925.0,853.0,934.6666666666666,-151.0,-0.7071067811865477,0.7071067811865474,-0.7818314824680299,0.6234898018587334
2025-08-10,22,Indiranagar,565,6,1,0,774.0,591.0,754.6666666666666,-209.0,-0.5000000000000004,0.8660254037844384,-0.7818314824680299,0.6234898018587334
2025-08-10,23,Indiranagar,88,6,1,0,565.0,137.0,475.6666666666667,-477.0,-0.25881904510252157,0.9659258262890681,-0.7818314824680299,0.6234898018587334
2025-08-11,0,Indiranagar,1,0,0,0,88.0,0.0,218.0,-87.0,0.0,1.0,0.0,1.0
2025-08-11,1,Indiranagar,0,0,0,0,1.0,0.0,29.666666666666668,-1.0,0.25881904510252074,0.9659258262890683,0.0,1.0
2025-08-11,2,Indiranagar,0,0,0,0,0.0,0.0,0.3333333333333333,0.0,0.49999999999999994,0.8660254037844387,0.0,1.0
2025-08-11,3,Indiranagar,0,0,0,0,0.0,0.0,0.0,0.0,0.7071067811865476,0.7071067811865476,0.0,1.0
2025-08-11,4,Indiranagar,12,0,0,0,0.0,0.0,4.0,12.0,0.8660254037844386,0.5000000000000001,0.0,1.0
2025-08-11,5,Indiranagar,56,0,0,0,12.0,0.0,22.666666666666668,44.0,0.9659258262890683,0.25881904510252074,0.0,1.0
2025-08-11,6,Indiranagar,235,0,0,0,56.0,65.0,101.0,179.0,1.0,6.123233995736766e-17,0.0,1.0
2025-08-11,7,Indiranagar,695,0,0,1,235.0,252.0,328.6666666666667,460.0,0.9659258262890683,-0.25881904510252063,0.0,1.0
2025-08-11,8,Indiranagar,1404,0,0,1,695.0,370.0,778.0,709.0,0.8660254037844387,-0.4999999999999998,0.0,1.0
2025-08-11,9,Indiranagar,2132,0,0,1,1404.0,504.0,1410.3333333333333,728.0,0.7071067811865476,-0.7071067811865475,0.0,1.0
2025-08-11,10,Indiranagar,1512,0,0,1,2132.0,643.0,1682.6666666666667,-620.0,0.49999999999999994,-0.8660254037844387,0.0,1.0
2025-08-11,11,Indiranagar,918,0,0,0,1512.0,842.0,1520.6666666666667,-594.0,0.258819045102521,-0.9659258262890682,0.0,1.0
2025-08-11,12,Indiranagar,792,0,0,0,918.0,902.0,1074.0,-126.0,1.2246467991473532e-16,-1.0,0.0,1.0
2025-08-11,13,Indiranagar,914,0,0,0,792.0,996.0,874.6666666666666,122.0,-0.2588190451025208,-0.9659258262890683,0.0,1.0
2025-08-11,14,Indiranagar,1022,0,0,0,914.0,909.0,909.3333333333334,108.0,-0.4999999999999997,-0.8660254037844388,0.0,1.0
2025-08-11,15,Indiranagar,1129,0,0,0,1022.0,1036.0,1021.6666666666666,107.0,-0.7071067811865471,-0.7071067811865479,0.0,1.0
2025-08-11,16,Indiranagar,1605,0,0,0,1129.0,1139.0,1252.0,476.0,-0.8660254037844385,-0.5000000000000004,0.0,1.0
2025-08-11,17,Indiranagar,2406,0,0,1,1605.0,1126.0,1713.3333333333333,801.0,-0.9659258262890683,-0.25881904510252063,0.0,1.0
2025-08-11,18,Indiranagar,3698,0,0,1,2406.0,1192.0,2569.6666666666665,1292.0,-1.0,-1.8369701987210297e-16,0.0,1.0
2025-08-11,19,Indiranagar,3109,0,0,1,3698.0,1105.0,3071.0,-589.0,-0.9659258262890684,0.2588190451025203,0.0,1.0
2025-08-11,20,Indiranagar,1737,0,0,1,3109.0,925.0,2848.0,-1372.0,-0.8660254037844386,0.5000000000000001,0.0,1.0
2025-08-11,21,Indiranagar,856,0,0,0,1737.0,774.0,1900.6666666666667,-881.0,-0.7071067811865477,0.7071067811865474,0.0,1.0
2025-08-11,22,Indiranagar,380,0,0,0,856.0,565.0,991.0,-476.0,-0.5000000000000004,0.8660254037844384,0.0,1.0
2025-08-11,23,Indiranagar,40,0,0,0,380.0,88.0,425.3333333333333,-340.0,-0.25881904510252157,0.9659258262890681,0.0,1.0
2025-08-12,0,Indiranagar,0,1,0,0,40.0,1.0,140.0,-40.0,0.0,1.0,0.7818314824680298,0.6234898018587336
2025-08-12,1,Indiranagar,0,1,0,0,0.0,0.0,13.333333333333334,0.0,0.25881904510252074,0.9659258262890683,0.7818314824680298,0.6234898018587336
2025-08-12,2,Indiranagar,0,1,0,0,0.0,0.0,0.0,0.0,0.49999999999999994,0.8660254037844387,0.7818314824680298,0.6234898018587336
2025-08-12,3,Indiranagar,0,1,0,0,0.0,0.0,0.0,0.0,0.7071067811865476,0.7071067811865476,0.7818314824680298,0.6234898018587336
2025-08-12,4,Indiranagar,5,1,0,0,0.0,12.0,1.6666666666666667,5.0,0.8660254037844386,0.5000000000000001,0.7818314824680298,0.6234898018587336
2025-08-12,5,Indiranagar,44,1,0,0,5.0,56.0,16.333333333333332,39.0,0.9659258262890683,0.25881904510252074,0.7818314824680298,0.6234898018587336
2025-08-12,6,Indiranagar,201,1,0,0,44.0,235.0,83.33333333333333,157.0,1.0,6.123233995736766e-17,0.7818314824680298,0.6234898018587336
2025-08-12,7,Indiranagar,650,1,0,1,201.0,695.0,298.3333333333333,449.0,0.9659258262890683,-0.25881904510252063,0.7818314824680298,0.6234898018587336
2025-08-12,8,Indiranagar,1421,1,0,1,650.0,1404.0,757.3333333333334,771.0,0.8660254037844387,-0.4999999999999998,0.7818314824680298,0.6234898018587336
2025-08-12,9,Indiranagar,2188,1,0,1,1421.0,2132.0,1419.6666666666667,767.0,0.7071067811865476,-0.7071067811865475,0.7818314824680298,0.6234898018587336
2025-08-12,10,Indiranagar,1580,1,0,1,2188.0,1512.0,1729.6666666666667,-608.0,0.49999999999999994,-0.8660254037844387,0.7818314824680298,0.6234898018587336
2025-08-12,11,Indiranagar,885,1,0,0,1580.0,918.0,1551.0,-695.0,0.258819045102521,-0.9659258262890682,0.7818314824680298,0.6234898018587336
2025-08-12,12,Indiranagar,755,1,0,0,885.0,792.0,1073.3333333333333,-130.0,1.2246467991473532e-16,-1.0,0.7818314824680298,0.6234898018587336
2025-08-12,13,Indiranagar,889,1,0,0,755.0,914.0,843.0,134.0,-0.2588190451025208,-0.9659258262890683,0.7818314824680298,0.6234898018587336
2025-08-12,14,Indiranagar,960,1,0,0,889.0,1022.0,868.0,71.0,-0.4999999999999997,-0.8660254037844388,0.7818314824680298,0.6234898018587336
2025-08-12,15,Indiranagar,1238,1,0,0,960.0,1129.0,1029.0,278.0,-0.7071067811865471,-0.7071067811865479,0.7818314824680298,0.6234898018587336
2025-08-12,16,Indiranagar,1724,1,0,0,1238.0,1605.0,1307.3333333333333,486.0,-0.8660254037844385,-0.5000000000000004,0.7818314824680298,0.6234898018587336
2025-08-12,17,Indiranagar,2413,1,0,1,1724.0,2406.0,1791.6666666666667,689.0,-0.9659258262890683,-0.25881904510252063,0.7818314824680298,0.6234898018587336
2025-08-12,18,Indiranagar,3708,1,0,1,2413.0,3698.0,2615.0,1295.0,-1.0,-1.8369701987210297e-16,0.7818314824680298,0.6234898018587336
2025-08-12,19,Indiranagar,3347,1,0,1,3708.0,3109.0,3156.0,-361.0,-0.9659258262890684,0.2588190451025203,0.7818314824680298,0.6234898018587336
2025-08-12,20,Indiranagar,1731,1,0,1,3347.0,1737.0,2928.6666666666665,-1616.0,-0.8660254037844386,0.5000000000000001,0.7818314824680298,0.6234898018587336
2025-08-12,21,Indiranagar,909,1,0,0,1731.0,856.0,1995.6666666666667,-822.0,-0.7071067811865477,0.7071067811865474,0.7818314824680298,0.6234898018587336
2025-08-12,22,Indiranagar,504,1,0,0,909.0,380.0,1048.0,-405.0,-0.5000000000000004,0.8660254037844384,0.7818314824680298,0.6234898018587336
2025-08-12,23,Indiranagar,94,1,0,0,504.0,40.0,502.3333333333333,-410.0,-0.25881904510252157,0.9659258262890681,0.7818314824680298,0.6234898018587336
2025-08-13,0,Indiranagar,0,2,0,0,94.0,0.0,199.33333333333334,-94.0,0.0,1.0,0.9749279121818236,-0.22252093395631434
2025-08-13,1,Indiranagar,0,2,0,0,0.0,0.0,31.333333333333332,0.0,0.25881904510252074,0.9659258262890683,0.9749279121818236,-0.22252093395631434
2025-08-13,2,Indiranagar,0,2,0,0,0.0,0.0,0.0,0.0,0.49999999999999994,0.8660254037844387,0.9749279121818236,-0.22252093395631434
2025-08-13,3,Indiranagar,0,2,0,0,0.0,0.0,0.0,0.0,0.7071067811865476,0.7071067811865476,0.9749279121818236,-0.22252093395631434
2025-08-13,4,Indiranagar,8,2,0,0,0.0,5.0,2.6666666666666665,8.0,0.8660254037844386,0.5000000000000001,0.9749279121818236,-0.22252093395631434
2025-08-13,5,Indiranagar,58,2,0,0,8.0,44.0,22.0,50.0,0.9659258262890683,0.25881904510252074,0.9749279121818236,-0.22252093395631434
2025-08-13,6,Indiranagar,207,2,0,0,58.0,201.0,91.0,149.0,1.0,6.123233995736766e-17,0.9749279121818236,-0.22252093395631434
2025-08-13,7,Indiranagar,661,2,0,1,207.0,650.0,308.6666666666667,454.0,0.9659258262890683,-0.25881904510252063,0.9749279121818236,-0.22252093395631434
2025-08-13,8,Indiranagar,1436,2,0,1,661.0,1421.0,768.0,775.0,0.8660254037844387,-0.4999999999999998,0.9749279121818236,-0.22252093395631434
2025-08-13,9,Indiranagar,2200,2,0,1,1436.0,2188.0,1432.3333333333333,764.0,0.7071067811865476,-0.7071067811865475,0.9749279121818236,-0.22252093395631434
2025-08-13,10,Indiranagar,1519,2,0,1,2200.0,1580.0,1718.3333333333333,-681.0,0.49999999999999994,-0.8660254037844387,0.9749279121818236,-0.22252093395631434
2025-08-13,11,Indiranagar,832,2,0,0,1519.0,885.0,1517.0,-687.0,0.258819045102521,-0.9659258262890682,0.9749279121818236,-0.22252093395631434
2025-08-13,12,Indiranagar,799,2,0,0,832.0,755.0,1050.0,-33.0,1.2246467991473532e-16,-1.0,0.9749279121818236,-0.22252093395631434
2025-08-13,13,Indiranagar,862,2,0,0,799.0,889.0,831.0,63.0,-0.2588190451025208,-0.9659258262890683,0.9749279121818236,-0.22252093395631434
2025-08-13,14,Indiranagar,1063,2,0,0,862.0,960.0,908.0,201.0,-0.4999999999999997,-0.8660254037844388,0.9749279121818236,-0.22252093395631434
2025-08-13,15,Indiranagar,1319,2,0,0,1063.0,1238.0,1081.3333333333333,256.0,-0.7071067811865471,-0.7071067811865479,0.9749279121818236,-0.22252093395631434
2025-08-13,16,Indiranagar,1927,2,0,0,1319.0,1724.0,1436.3333333333333,608.0,-0.8660254037844385,-0.5000000000000004,0.9749279121818236,-0.22252093395631434
2025-08-13,17,Indiranagar,2539,2,0,1,1927.0,2413.0,1928.3333333333333,612.0,-0.9659258262890683,-0.25881904510252063,0.9749279121818236,-0.22252093395631434
2025-08-13,18,Indiranagar,3519,2,0,1,2539.0,3708.0,2661.6666666666665,980.0,-1.0,-1.8369701987210297e-16,0.9749279121818236,-0.22252093395631434
2025-08-13,19,Indiranagar,3568,2,0,1,3519.0,3347.0,3208.6666666666665,49.0,-0.9659258262890684,0.2588190451025203,0.9749279121818236,-0.22252093395631434
2025-08-13,20,Indiranagar,2280,2,0,1,3568.0,1731.0,3122.3333333333335,-1288.0,-0.8660254037844386,0.5000000000000001,0.9749279121818236,-0.22252093395631434
2025-08-13,21,Indiranagar,1159,2,0,0,2280.0,909.0,2335.6666666666665,-1121.0,-0.7071067811865477,0.7071067811865474,0.9749279121818236,-0.22252093395631434
2025-08-13,22,Indiranagar,549,2,0,0,1159.0,504.0,1329.3333333333333,-610.0,-0.5000000000000004,0.8660254037844384,0.9749279121818236,-0.22252093395631434
2025-08-13,23,Indiranagar,85,2,0,0,549.0,94.0,597.6666666666666,-464.0,-0.25881904510252157,0.9659258262890681,0.9749279121818236,-0.22252093395631434
2025-08-14,0,Indiranagar,0,3,0,0,85.0,0.0,211.33333333333334,-85.0,0.0,1.0,0.43388373911755823,-0.900968867902419
2025-08-14,1,Indiranagar,0,3,0,0,0.0,0.0,28.333333333333332,0.0,0.25881904510252074,0.9659258262890683,0.43388373911755823,-0.900968867902419
2025-08-14,2,Indiranagar,0,3,0,0,0.0,0.0,0.0,0.0,0.49999999999999994,0.8660254037844387,0.43388373911755823,-0.900968867902419
2025-08-14,3,Indiranagar,0,3,0,0,0.0,0.0,0.0,0.0,0.7071067811865476,0.7071067811865476,0.43388373911755823,-0.900968867902419
2025-08-14,4,Indiranagar,12,3,0,0,0.0,8.0,4.0,12.0,0.8660254037844386,0.5000000000000001,0.43388373911755823,-0.900968867902419
2025-08-14,5,Indiranagar,115,3,0,0,12.0,58.0,42.333333333333336,103.0,0.9659258262890683,0.25881904510252074,0.43388373911755823,-0.900968867902419
2025-08-14,6,Indiranagar,218,3,0,0,115.0,207.0,115.0,103.0,1.0,6.123233995736766e-17,0.43388373911755823,-0.900968867902419
2025-08-14,7,Indiranagar,654,3,0,1,218.0,661.0,329.0,436.0,0.9659258262890683,-0.25881904510252063,0.43388373911755823,-0.900968867902419
2025-08-14,8,Indiranagar,1297,3,0,1,654.0,1436.0,723.0,643.0,0.8660254037844387,-0.4999999999999998,0.43388373911755823,-0.900968867902419
2025-08-14,9,Indiranagar,1925,3,0,1,1297.0,2200.0,1292.0,628.0,0.7071067811865476,-0.7071067811865475,0.43388373911755823,-0.900968867902419
2025-08-14,10,Indiranagar,1440,3,0,1,1925.0,1519.0,1554.0,-485.0,0.49999999999999994,-0.8660254037844387,0.43388373911755823,-0.900968867902419
2025-08-14,11,Indiranagar,956,3,0,0,1440.0,832.0,1440.3333333333333,-484.0,0.258819045102521,-0.9659258262890682,0.43388373911755823,-0.900968867902419
2025-08-14,12,Indiranagar,909,3,0,0,956.0,799.0,1101.6666666666667,-47.0,1.2246467991473532e-16,-1.0,0.43388373911755823,-0.900968867902419
2025-08-14,13,Indiranagar,1018,3,0,0,909.0,862.0,961.0,109.0,-0.2588190451025208,-0.9659258262890683,0.43388373911755823,-0.900968867902419
2025-08-14,14,Indiranagar,1105,3,0,0,1018.0,1063.0,1010.6666666666666,87.0,-0.4999999999999997,-0.8660254037844388,0.43388373911755823,-0.900968867902419
2025-08-14,15,Indiranagar,1295,3,0,0,1105.0,1319.0,1139.3333333333333,190.0,-0.7071067811865471,-0.7071067811865479,0.43388373911755823,-0.900968867902419
2025-08-14,16,Indiranagar,2012,3,0,0,1295.0,1927.0,1470.6666666666667,717.0,-0.8660254037844385,-0.5000000000000004,0.43388373911755823,-0.900968867902419
2025-08-14,17,Indiranagar,2685,3,0,1,2012.0,2539.0,1997.3333333333333,673.0,-0.9659258262890683,-0.25881904510252063,0.43388373911755823,-0.900968867902419
2025-08-14,18,Indiranagar,3834,3,0,1,2685.0,3519.0,2843.6666666666665,1149.0,-1.0,-1.8369701987210297e-16,0.43388373911755823,-0.900968867902419
2025-08-14,19,Indiranagar,3326,3,0,1,3834.0,3568.0,3281.6666666666665,-508.0,-0.9659258262890684,0.2588190451025203,0.43388373911755823,-0.900968867902419
2025-08-14,20,Indiranagar,2142,3,0,1,3326.0,2280.0,3100.6666666666665,-1184.0,-0.8660254037844386,0.5000000000000001,0.43388373911755823,-0.900968867902419
2025-08-14,21,Indiranagar,1313,3,0,0,2142.0,1159.0,2260.3333333333335,-829.0,-0.7071067811865477,0.7071067811865474,0.43388373911755823,-0.900968867902419
2025-08-14,22,Indiranagar,729,3,0,0,1313.0,549.0,1394.6666666666667,-584.0,-0.5000000000000004,0.8660254037844384,0.43388373911755823,-0.900968867902419
2025-08-14,23,Indiranagar,110,3,0,0,729.0,85.0,717.3333333333334,-619.0,-0.25881904510252157,0.9659258262890681,0.43388373911755823,-0.900968867902419
2025-08-02,0,Krishnarajapura,2,5,1,0,38.0,0.0,127.0,-36.0,0.0,1.0,-0.9749279121818236,-0.2225209339563146
2025-08-02,1,Krishnarajapura,0,5,1,0,2.0,0.0,13.333333333333334,-2.0,0.25881904510252074,0.9659258262890683,-0.9749279121818236,-0.2225209339563146
2025-08-02,2,Krishnarajapura,0,5,1,0,0.0,0.0,0.6666666666666666,0.0,0.49999999999999994,0.8660254037844387,-0.9749279121818236,-0.2225209339563146
2025-08-02,3,Krishnarajapura,0,5,1,0,0.0,0.0,0.0,0.0,0.7071067811865476,0.7071067811865476,-0.9749279121818236,-0.2225209339563146
2025-08-02,4,Krishnarajapura,48,5,1,0,0.0,11.0,16.0,48.0,0.8660254037844386,0.5000000000000001,-0.9749279121818236,-0.2225209339563146
2025-08-02,5,Krishnarajapura,215,5,1,0,48.0,154.0,87.66666666666667,167.0,0.9659258262890683,0.25881904510252074,-0.9749279121818236,-0.2225209339563146
2025-08-02,6,Krishnarajapura,301,5,1,0,215.0,249.0,188.0,86.0,1.0,6.123233995736766e-17,-0.9749279121818236,-0.2225209339563146
2025-08-02,7,Krishnarajapura,777,5,1,1,301.0,978.0,431.0,476.0,0.9659258262890683,-0.25881904510252063,-0.9749279121818236,-0.2225209339563146
2025-08-02,8,Krishnarajapura,1149,5,1,1,777.0,1832.0,742.3333333333334,372.0,0.8660254037844387,-0.4999999999999998,-0.9749279121818236,-0.2225209339563146
2025-08-02,9,Krishnarajapura,1372,5,1,1,1149.0,2600.0,1099.3333333333333,223.0,0.7071067811865476,-0.7071067811865475,-0.9749279121818236,-0.2225209339563146
2025-08-02,10,Krishnarajapura,1295,5,1,1,1372.0,1413.0,1272.0,-77.0,0.49999999999999994,-0.8660254037844387,-0.9749279121818236,-0.2225209339563146
2025-08-02,11,Krishnarajapura,1261,5,1,0,1295.0,1178.0,1309.3333333333333,-34.0,0.258819045102521,-0.9659258262890682,-0.9749279121818236,-0.2225209339563146
2025-08-02,12,Krishnarajapura,1217,5,1,0,1261.0,886.0,1257.6666666666667,-44.0,1.2246467991473532e-16,-1.0,-0.9749279121818236,-0.2225209339563146
2025-08-02,13,Krishnarajapura,1112,5,1,0,1217.0,719.0,1196.6666666666667,-105.0,-0.2588190451025208,-0.9659258262890683,-0.9749279121818236,-0.2225209339563146
2025-08-02,14,Krishnarajapura,1010,5,1,0,1112.0,609.0,1113.0,-102.0,-0.4999999999999997,-0.8660254037844388,-0.9749279121818236,-0.2225209339563146
2025-08-02,15,Krishnarajapura,1042,5,1,0,1010.0,867.0,1054.6666666666667,32.0,-0.7071067811865471,-0.7071067811865479,-0.9749279121818236,-0.2225209339563146
2025-08-02,16,Krishnarajapura,1092,5,1,0,1042.0,1280.0,1048.0,50.0,-0.8660254037844385,-0.5000000000000004,-0.9749279121818236,-0.2225209339563146
2025-08-02,17,Krishnarajapura,1050,5,1,1,1092.0,1560.0,1061.3333333333333,-42.0,-0.9659258262890683,-0.25881904510252063,-0.9749279121818236,-0.2225209339563146
2025-08-02,18,Krishnarajapura,1037,5,1,1,1050.0,1581.0,1059.6666666666667,-13.0,-1.0,-1.8369701987210297e-16,-0.9749279121818236,-0.2225209339563146
2025-08-02,19,Krishnarajapura,976,5,1,1,1037.0,1436.0,1021.0,-61.0,-0.9659258262890684,0.2588190451025203,-0.9749279121818236,-0.2225209339563146
2025-08-02,20,Krishnarajapura,655,5,1,1,976.0,1108.0,889.3333333333334,-321.0,-0.8660254037844386,0.5000000000000001,-0.9749279121818236,-0.2225209339563146
2025-08-02,21,Krishnarajapura,564,5,1,0,655.0,802.0,731.6666666666666,-91.0,-0.7071067811865477,0.7071067811865474,-0.9749279121818236,-0.2225209339563146
2025-08-02,22,Krishnarajapura,180,5,1,0,564.0,341.0,466.3333333333333,-384.0,-0.5000000000000004,0.8660254037844384,-0.9749279121818236,-0.2225209339563146
2025-08-02,23,Krishnarajapura,21,5,1,0,180.0,38.0,255.0,-159.0,-0.25881904510252157,0.9659258262890681,-0.9749279121818236,-0.2225209339563146
2025-08-03,0,Krishnarajapura,0,6,1,0,21.0,2.0,67.0,-21.0,0.0,1.0,-0.7818314824680299,0.6234898018587334
2025-08-03,1,Krishnarajapura,0,6,1,0,0.0,0.0,7.0,0.0,0.25881904510252074,0.9659258262890683,-0.7818314824680299,0.6234898018587334
2025-08-03,2,Krishnarajapura,0,6,1,0,0.0,0.0,0.0,0.0,0.49999999999999994,0.8660254037844387,-0.7818314824680299,0.6234898018587334
2025-08-03,3,Krishnarajapura,0,6,1,0,0.0,0.0,0.0,0.0,0.7071067811865476,0.7071067811865476,-0.7818314824680299,0.6234898018587334
2025-08-03,4,Krishnarajapura,0,6,1,0,0.0,48.0,0.0,0.0,0.8660254037844386,0.5000000000000001,-0.7818314824680299,0.6234898018587334
2025-08-03,5,Krishnarajapura,0,6,1,0,0.0,215.0,0.0,0.0,0.9659258262890683,0.25881904510252074,-0.7818314824680299,0.6234898018587334
2025-08-03,6,Krishnarajapura,97,6,1,0,0.0,301.0,32.333333333333336,97.0,1.0,6.123233995736766e-17,-0.7818314824680299,0.6234898018587334
2025-08-03,7,Krishnarajapura,409,6,1,1,97.0,777.0,168.66666666666666,312.0,0.9659258262890683,-0.25881904510252063,-0.7818314824680299,0.6234898018587334
2025-08-03,8,Krishnarajapura,559,6,1,1,409.0,1149.0,355.0,150.0,0.8660254037844387,-0.4999999999999998,-0.7818314824680299,0.6234898018587334
2025-08-03,9,Krishnarajapura,643,6,1,1,559.0,1372.0,537.0,84.0,0.7071067811865476,-0.7071067811865475,-0.7818314824680299,0.6234898018587334
2025-08-03,10,Krishnarajapura,1083,6,1,1,643.0,1295.0,761.6666666666666,440.0,0.49999999999999994,-0.8660254037844387,-0.7818314824680299,0.6234898018587334
2025-08-03,11,Krishnarajapura,1203,6,1,0,1083.0,1261.0,976.3333333333334,120.0,0.258819045102521,-0.9659258262890682,-0.7818314824680299,0.6234898018587334
2025-08-03,12,Krishnarajapura,1072,6,1,0,1203.0,1217.0,1119.3333333333333,-131.0,1.2246467991473532e-16,-1.0,-0.7818314824680299,0.6234898018587334
2025-08-03,13,Krishnarajapura,996,6,1,0,1072.0,1112.0,1090.3333333333333,-76.0,-0.2588190451025208,-0.9659258262890683,-0.7818314824680299,0.6234898018587334
2025-08-03,14,Krishnarajapura,819,6,1,0,996.0,1010.0,962.3333333333334,-177.0,-0.4999999999999997,-0.8660254037844388,-0.7818314824680299,0.6234898018587334
2025-08-03,15,Krishnarajapura,955,6,1,0,819.0,1042.0,923.3333333333334,136.0,-0.7071067811865471,-0.7071067811865479,-0.7818314824680299,0.6234898018587334
2025-08-03,16,Krishnarajapura,854,6,1,0,955.0,1092.0,876.0,-101.0,-0.8660254037844385,-0.5000000000000004,-0.7818314824680299,0.6234898018587334
2025-08-03,17,Krishnarajapura,926,6,1,1,854.0,1050.0,911.6666666666666,72.0,-0.9659258262890683,-0.25881904510252063,-0.7818314824680299,0.6234898018587334
2025-08-03,18,Krishnarajapura,701,6,1,1,926.0,1037.0,827.0,-225.0,-1.0,-1.8369701987210297e-16,-0.7818314824680299,0.6234898018587334
2025-08-03,19,Krishnarajapura,722,6,1,1,701.0,976.0,783.0,21.0,-0.9659258262890684,0.2588190451025203,-0.7818314824680299,0.6234898018587334
2025-08-03,20,Krishnarajapura,899,6,1,1,722.0,655.0,774.0,177.0,-0.8660254037844386,0.5000000000000001,-0.7818314824680299,0.6234898018587334
2025-08-03,21,Krishnarajapura,612,6,1,0,899.0,564.0,744.3333333333334,-287.0,-0.7071067811865477,0.7071067811865474,-0.7818314824680299,0.6234898018587334
2025-08-03,22,Krishnarajapura,267,6,1,0,612.0,180.0,592.6666666666666,-345.0,-0.5000000000000004,0.8660254037844384,-0.7818314824680299,0.6234898018587334
2025-08-03,23,Krishnarajapura,95,6,1,0,267.0,21.0,324.6666666666667,-172.0,-0.25881904510252157,0.9659258262890681,-0.7818314824680299,0.6234898018587334
2025-08-04,0,Krishnarajapura,3,0,0,0,95.0,0.0,121.66666666666667,-92.0,0.0,1.0,0.0,1.0
2025-08-04,1,Krishnarajapura,0,0,0,0,3.0,0.0,32.666666666666664,-3.0,0.25881904510252074,0.9659258262890683,0.0,1.0
2025-08-04,2,Krishnarajapura,0,0,0,0,0.0,0.0,1.0,0.0,0.49999999999999994,0.8660254037844387,0.0,1.0
2025-08-04,3,Krishnarajapura,0,0,0,0,0.0,0.0,0.0,0.0,0.7071067811865476,0.7071067811865476,0.0,1.0
2025-08-04,4,Krishnarajapura,63,0,0,0,0.0,0.0,21.0,63.0,0.8660254037844386,0.5000000000000001,0.0,1.0
2025-08-04,5,Krishnarajapura,243,0,0,0,63.0,0.0,102.0,180.0,0.9659258262890683,0.25881904510252074,0.0,1.0
2025-08-04,6,Krishnarajapura,540,0,0,0,243.0,97.0,282.0,297.0,1.0,6.123233995736766e-17,0.0,1.0
2025-08-04,7,Krishnarajapura,1156,0,0,1,540.0,409.0,646.3333333333334,616.0,0.9659258262890683,-0.25881904510252063,0.0,1.0
2025-08-04,8,Krishnarajapura,1919,0,0,1,1156.0,559.0,1205.0,763.0,0.8660254037844387,-0.4999999999999998,0.0,1.0
2025-08-04,9,Krishnarajapura,2947,0,0,1,1919.0,643.0,2007.3333333333333,1028.0,0.7071067811865476,-0.7071067811865475,0.0,1.0
2025-08-04,10,Krishnarajapura,1801,0,0,1,2947.0,1083.0,2222.3333333333335,-1146.0,0.49999999999999994,-0.8660254037844387,0.0,1.0
2025-08-04,11,Krishnarajapura,1329,0,0,0,1801.0,1203.0,2025.6666666666667,-472.0,0.258819045102521,-0.9659258262890682,0.0,1.0
2025-08-04,12,Krishnarajapura,1350,0,0,0,1329.0,1072.0,1493.3333333333333,21.0,1.2246467991473532e-16,-1.0,0.0,1.0
2025-08-04,13,Krishnarajapura,951,0,0,0,1350.0,996.0,1210.0,-399.0,-0.2588190451025208,-0.9659258262890683,0.0,1.0
2025-08-04,14,Krishnarajapura,596,0,0,0,951.0,819.0,965.6666666666666,-355.0,-0.4999999999999997,-0.8660254037844388,0.0,1.0
2025-08-04,15,Krishnarajapura,840,0,0,0,596.0,955.0,795.6666666666666,244.0,-0.7071067811865471,-0.7071067811865479,0.0,1.0
2025-08-04,16,Krishnarajapura,1235,0,0,0,840.0,854.0,890.3333333333334,395.0,-0.8660254037844385,-0.5000000000000004,0.0,1.0
2025-08-04,17,Krishnarajapura,1334,0,0,1,1235.0,926.0,1136.3333333333333,99.0,-0.9659258262890683,-0.25881904510252063,0.0,1.0
2025-08-04,18,Krishnarajapura,1504,0,0,1,1334.0,701.0,1357.6666666666667,170.0,-1.0,-1.8369701987210297e-16,0.0,1.0
2025-08-04,19,Krishnarajapura,1190,0,0,1,1504.0,722.0,1342.6666666666667,-314.0,-0.9659258262890684,0.2588190451025203,0.0,1.0
2025-08-04,20,Krishnarajapura,854,0,0,1,1190.0,899.0,1182.6666666666667,-336.0,-0.8660254037844386,0.5000000000000001,0.0,1.0
2025-08-04,21,Krishnarajapura,539,0,0,0,854.0,612.0,861.0,-315.0,-0.7071067811865477,0.7071067811865474,0.0,1.0
2025-08-04,22,Krishnarajapura,250,0,0,0,539.0,267.0,547.6666666666666,-289.0,-0.5000000000000004,0.8660254037844384,0.0,1.0
2025-08-04,23,Krishnarajapura,12,0,0,0,250.0,95.0,267.0,-238.0,-0.25881904510252157,0.9659258262890681,0.0,1.0
2025-08-05,0,Krishnarajapura,3,1,0,0,12.0,3.0,88.33333333333333,-9.0,0.0,1.0,0.7818314824680298,0.6234898018587336
2025-08-05,1,Krishnarajapura,0,1,0,0,3.0,0.0,5.0,-3.0,0.25881904510252074,0.9659258262890683,0.7818314824680298,0.6234898018587336
2025-08-05,2,Krishnarajapura,0,1,0,0,0.0,0.0,1.0,0.0,0.49999999999999994,0.8660254037844387,0.7818314824680298,0.6234898018587336
2025-08-05,3,Krishnarajapura,0,1,0,0,0.0,0.0,0.0,0.0,0.7071067811865476,0.7071067811865476,0.7818314824680298,0.6234898018587336
2025-08-05,4,Krishnarajapura,57,1,0,0,0.0,63.0,19.0,57.0,0.8660254037844386,0.5000000000000001,0.7818314824680298,0.6234898018587336
2025-08-05,5,Krishnarajapura,107,1,0,0,57.0,243.0,54.666666666666664,50.0,0.9659258262890683,0.25881904510252074,0.7818314824680298,0.6234898018587336
2025-08-05,6,Krishnarajapura,369,1,0,0,107.0,540.0,177.66666666666666,262.0,1.0,6.123233995736766e-17,0.7818314824680298,0.6234898018587336
2025-08-05,7,Krishnarajapura,976,1,0,1,369.0,1156.0,484.0,607.0,0.9659258262890683,-0.25881904510252063,0.7818314824680298,0.6234898018587336
2025-08-05,8,Krishnarajapura,2177,1,0,1,976.0,1919.0,1174.0,1201.0,0.8660254037844387,-0.4999999999999998,0.7818314824680298,0.6234898018587336
2025-08-05,9,Krishnarajapura,2970,1,0,1,2177.0,2947.0,2041.0,793.0,0.7071067811865476,-0.7071067811865475,0.7818314824680298,0.6234898018587336
2025-08-05,10,Krishnarajapura,1909,1,0,1,2970.0,1801.0,2352.0,-1061.0,0.49999999999999994,-0.8660254037844387,0.7818314824680298,0.6234898018587336
2025-08-05,11,Krishnarajapura,1358,1,0,0,1909.0,1329.0,2079.0,-551.0,0.258819045102521,-0.9659258262890682,0.7818314824680298,0.6234898018587336
2025-08-05,12,Krishnarajapura,1034,1,0,0,1358.0,1350.0,1433.6666666666667,-324.0,1.2246467991473532e-16,-1.0,0.7818314824680298,0.6234898018587336
2025-08-05,13,Krishnarajapura,795,1,0,0,1034.0,951.0,1062.3333333333333,-239.0,-0.2588190451025208,-0.9659258262890683,0.7818314824680298,0.6234898018587336
2025-08-05,14,Krishnarajapura,489,1,0,0,795.0,596.0,772.6666666666666,-306.0,-0.4999999999999997,-0.8660254037844388,0.7818314824680298,0.6234898018587336
2025-08-05,15,Krishnarajapura,805,1,0,0,489.0,840.0,696.3333333333334,316.0,-0.7071067811865471,-0.7071067811865479,0.7818314824680298,0.6234898018587336
2025-08-05,16,Krishnarajapura,1162,1,0,0,805.0,1235.0,818.6666666666666,357.0,-0.8660254037844385,-0.5000000000000004,0.7818314824680298,0.6234898018587336
2025-08-05,17,Krishnarajapura,1435,1,0,1,1162.0,1334.0,1134.0,273.0,-0.9659258262890683,-0.25881904510252063,0.7818314824680298,0.6234898018587336
2025-08-05,18,Krishnarajapura,1399,1,0,1,1435.0,1504.0,1332.0,-36.0,-1.0,-1.8369701987210297e-16,0.7818314824680298,0.6234898018587336
2025-08-05,19,Krishnarajapura,1221,1,0,1,1399.0,1190.0,1351.6666666666667,-178.0,-0.9659258262890684,0.2588190451025203,0.7818314824680298,0.6234898018587336
2025-08-05,20,Krishnarajapura,945,1,0,1,1221.0,854.0,1188.3333333333333,-276.0,-0.8660254037844386,0.5000000000000001,0.7818314824680298,0.6234898018587336
2025-08-05,21,Krishnarajapura,602,1,0,0,945.0,539.0,922.6666666666666,-343.0,-0.7071067811865477,0.7071067811865474,0.7818314824680298,0.6234898018587336
2025-08-05,22,Krishnarajapura,258,1,0,0,602.0,250.0,601.6666666666666,-344.0,-0.5000000000000004,0.8660254037844384,0.7818314824680298,0.6234898018587336
2025-08-05,23,Krishnarajapura,21,1,0,0,258.0,12.0,293.6666666666667,-237.0,-0.25881904510252157,0.9659258262890681,0.7818314824680298,0.6234898018587336
2025-08-06,0,Krishnarajapura,0,2,0,0,21.0,3.0,93.0,-21.0,0.0,1.0,0.9749279121818236,-0.22252093395631434
2025-08-06,1,Krishnarajapura,0,2,0,0,0.0,0.0,7.0,0.0,0.25881904510252074,0.9659258262890683,0.9749279121818236,-0.22252093395631434
2025-08-06,2,Krishnarajapura,0,2,0,0,0.0,0.0,0.0,0.0,0.49999999999999994,0.8660254037844387,0.9749279121818236,-0.22252093395631434
2025-08-06,3,Krishnarajapura,0,2,0,0,0.0,0.0,0.0,0.0,0.7071067811865476,0.7071067811865476,0.9749279121818236,-0.22252093395631434
2025-08-06,4,Krishnarajapura,5,2,0,0,0.0,57.0,1.6666666666666667,5.0,0.8660254037844386,0.5000000000000001,0.9749279121818236,-0.22252093395631434
2025-08-06,5,Krishnarajapura,119,2,0,0,5.0,107.0,41.333333333333336,114.0,0.9659258262890683,0.25881904510252074,0.9749279121818236,-0.22252093395631434
2025-08-06,6,Krishnarajapura,416,2,0,0,119.0,369.0,180.0,297.0,1.0,6.123233995736766e-17,0.9749279121818236,-0.22252093395631434
2025-08-06,7,Krishnarajapura,940,2,0,1,416.0,976.0,491.6666666666667,524.0,0.9659258262890683,-0.25881904510252063,0.9749279121818236,-0.22252093395631434
2025-08-06,8,Krishnarajapura,2047,2,0,1,940.0,2177.0,1134.3333333333333,1107.0,0.8660254037844387,-0.4999999999999998,0.9749279121818236,-0.22252093395631434
2025-08-06,9,Krishnarajapura,2958,2,0,1,2047.0,2970.0,1981.6666666666667,911.0,0.7071067811865476,-0.7071067811865475,0.9749279121818236,-0.22252093395631434
2025-08-06,10,Krishnarajapura,2012,2,0,1,2958.0,1909.0,2339.0,-946.0,0.49999999999999994,-0.8660254037844387,0.9749279121818236,-0.22252093395631434
2025-08-06,11,Krishnarajapura,1413,2,0,0,2012.0,1358.0,2127.6666666666665,-599.0,0.258819045102521,-0.9659258262890682,0.9749279121818236,-0.22252093395631434
2025-08-06,12,Krishnarajapura,740,2,0,0,1413.0,1034.0,1388.3333333333333,-673.0,1.2246467991473532e-16,-1.0,0.9749279121818236,-0.22252093395631434
2025-08-06,13,Krishnarajapura,855,2,0,0,740.0,795.0,1002.6666666666666,115.0,-0.2588190451025208,-0.9659258262890683,0.9749279121818236,-0.22252093395631434
2025-08-06,14,Krishnarajapura,627,2,0,0,855.0,489.0,740.6666666666666,-228.0,-0.4999999999999997,-0.8660254037844388,0.9749279121818236,-0.22252093395631434
2025-08-06,15,Krishnarajapura,903,2,0,0,627.0,805.0,795.0,276.0,-0.7071067811865471,-0.7071067811865479,0.9749279121818236,-0.22252093395631434
2025-08-06,16,Krishnarajapura,1398,2,0,0,903.0,1162.0,976.0,495.0,-0.8660254037844385,-0.5000000000000004,0.9749279121818236,-0.22252093395631434
2025-08-06,17,Krishnarajapura,1840,2,0,1,1398.0,1435.0,1380.3333333333333,442.0,-0.9659258262890683,-0.25881904510252063,0.9749279121818236,-0.22252093395631434
2025-08-06,18,Krishnarajapura,1628,2,0,1,1840.0,1399.0,1622.0,-212.0,-1.0,-1.8369701987210297e-16,0.9749279121818236,-0.22252093395631434
2025-08-06,19,Krishnarajapura,1414,2,0,1,1628.0,1221.0,1627.3333333333333,-214.0,-0.9659258262890684,0.2588190451025203,0.9749279121818236,-0.22252093395631434
2025-08-06,20,Krishnarajapura,838,2,0,1,1414.0,945.0,1293.3333333333333,-576.0,-0.8660254037844386,0.5000000000000001,0.9749279121818236,-0.22252093395631434
2025-08-06,21,Krishnarajapura,663,2,0,0,838.0,602.0,971.6666666666666,-175.0,-0.7071067811865477,0.7071067811865474,0.9749279121818236,-0.22252093395631434
2025-08-06,22,Krishnarajapura,352,2,0,0,663.0,258.0,617.6666666666666,-311.0,-0.5000000000000004,0.8660254037844384,0.9749279121818236,-0.22252093395631434
2025-08-06,23,Krishnarajapura,22,2,0,0,352.0,21.0,345.6666666666667,-330.0,-0.25881904510252157,0.9659258262890681,0.9749279121818236,-0.22252093395631434
2025-08-07,0,Krishnarajapura,1,3,0,0,22.0,0.0,125.0,-21.0,0.0,1.0,0.43388373911755823,-0.900968867902419
2025-08-07,1,Krishnarajapura,0,3,0,0,1.0,0.0,7.666666666666667,-1.0,0.25881904510252074,0.9659258262890683,0.43388373911755823,-0.900968867902419
2025-08-07,2,Krishnarajapura,0,3,0,0,0.0,0.0,0.3333333333333333,0.0,0.49999999999999994,0.8660254037844387,0.43388373911755823,-0.900968867902419
2025-08-07,3,Krishnarajapura,0,3,0,0,0.0,0.0,0.0,0.0,0.7071067811865476,0.7071067811865476,0.43388373911755823,-0.900968867902419
2025-08-07,4,Krishnarajapura,28,3,0,0,0.0,5.0,9.333333333333334,28.0,0.8660254037844386,0.5000000000000001,0.43388373911755823,-0.900968867902419
2025-08-07,5,Krishnarajapura,166,3,0,0,28.0,119.0,64.66666666666667,138.0,0.9659258262890683,0.25881904510252074,0.43388373911755823,-0.900968867902419
2025-08-07,6,Krishnarajapura,381,3,0,0,166.0,416.0,191.66666666666666,215.0,1.0,6.123233995736766e-17,0.43388373911755823,-0.900968867902419
2025-08-07,7,Krishnarajapura,850,3,0,1,381.0,940.0,465.6666666666667,469.0,0.9659258262890683,-0.25881904510252063,0.43388373911755823,-0.900968867902419
2025-08-07,8,Krishnarajapura,1905,3,0,1,850.0,2047.0,1045.3333333333333,1055.0,0.8660254037844387,-0.4999999999999998,0.43388373911755823,-0.900968867902419
2025-08-07,9,Krishnarajapura,2820,3,0,1,1905.0,2958.0,1858.3333333333333,915.0,0.7071067811865476,-0.7071067811865475,0.43388373911755823,-0.900968867902419
2025-08-07,10,Krishnarajapura,1815,3,0,1,2820.0,2012.0,2180.0,-1005.0,0.49999999999999994,-0.8660254037844387,0.43388373911755823,-0.900968867902419
2025-08-07,11,Krishnarajapura,1292,3,0,0,1815.0,1413.0,1975.6666666666667,-523.0,0.258819045102521,-0.9659258262890682,0.43388373911755823,-0.900968867902419
2025-08-07,12,Krishnarajapura,702,3,0,0,1292.0,740.0,1269.6666666666667,-590.0,1.2246467991473532e-16,-1.0,0.43388373911755823,-0.900968867902419
2025-08-07,13,Krishnarajapura,872,3,0,0,702.0,855.0,955.3333333333334,170.0,-0.2588190451025208,-0.9659258262890683,0.43388373911755823,-0.900968867902419
2025-08-07,14,Krishnarajapura,743,3,0,0,872.0,627.0,772.3333333333334,-129.0,-0.4999999999999997,-0.8660254037844388,0.43388373911755823,-0.900968867902419
2025-08-07,15,Krishnarajapura,940,3,0,0,743.0,903.0,851.6666666666666,197.0,-0.7071067811865471,-0.7071067811865479,0.43388373911755823,-0.900968867902419
2025-08-07,16,Krishnarajapura,1441,3,0,0,940.0,1398.0,1041.3333333333333,501.0,-0.8660254037844385,-0.5000000000000004,0.43388373911755823,-0.900968867902419
2025-08-07,17,Krishnarajapura,1713,3,0,1,1441.0,1840.0,1364.6666666666667,272.0,-0.9659258262890683,-0.25881904510252063,0.43388373911755823,-0.900968867902419
2025-08-07,18,Krishnarajapura,1701,3,0,1,1713.0,1628.0,1618.3333333333333,-12.0,-1.0,-1.8369701987210297e-16,0.43388373911755823,-0.900968867902419
2025-08-07,19,Krishnarajapura,1477,3,0,1,1701.0,1414.0,1630.3333333333333,-224.0,-0.9659258262890684,0.2588190451025203,0.43388373911755823,-0.900968867902419
2025-08-07,20,Krishnarajapura,981,3,0,1,1477.0,838.0,1386.3333333333333,-496.0,-0.8660254037844386,0.5000000000000001,0.43388373911755823,-0.900968867902419
2025-08-07,21,Krishnarajapura,828,3,0,0,981.0,663.0,1095.3333333333333,-153.0,-0.7071067811865477,0.7071067811865474,0.43388373911755823,-0.900968867902419
2025-08-07,22,Krishnarajapura,426,3,0,0,828.0,352.0,745.0,-402.0,-0.5000000000000004,0.8660254037844384,0.43388373911755823,-0.900968867902419
2025-08-07,23,Krishnarajapura,42,3,0,0,426.0,22.0,432.0,-384.0,-0.25881904510252157,0.9659258262890681,0.43388373911755823,-0.900968867902419
2025-08-08,0,Krishnarajapura,2,4,0,0,42.0,1.0,156.66666666666666,-40.0,0.0,1.0,-0.433883739117558,-0.9009688679024191
2025-08-08,1,Krishnarajapura,0,4,0,0,2.0,0.0,14.666666666666666,-2.0,0.25881904510252074,0.9659258262890683,-0.433883739117558,-0.9009688679024191
2025-08-08,2,Krishnarajapura,0,4,0,0,0.0,0.0,0.6666666666666666,0.0,0.49999999999999994,0.8660254037844387,-0.433883739117558,-0.9009688679024191
2025-08-08,3,Krishnarajapura,0,4,0,0,0.0,0.0,0.0,0.0,0.7071067811865476,0.7071067811865476,-0.433883739117558,-0.9009688679024191
2025-08-08,4,Krishnarajapura,14,4,0,0,0.0,28.0,4.666666666666667,14.0,0.8660254037844386,0.5000000000000001,-0.433883739117558,-0.9009688679024191
2025-08-08,5,Krishnarajapura,85,4,0,0,14.0,166.0,33.0,71.0,0.9659258262890683,0.25881904510252074,-0.433883739117558,-0.9009688679024191
2025-08-08,6,Krishnarajapura,403,4,0,0,85.0,381.0,167.33333333333334,318.0,1.0,6.123233995736766e-17,-0.433883739117558,-0.9009688679024191
2025-08-08,7,Krishnarajapura,734,4,0,1,403.0,850.0,407.3333333333333,331.0,0.9659258262890683,-0.25881904510252063,-0.433883739117558,-0.9009688679024191
2025-08-08,8,Krishnarajapura,1494,4,0,1,734.0,1905.0,877.0,760.0,0.8660254037844387,-0.4999999999999998,-0.433883739117558,-0.9009688679024191
2025-08-08,9,Krishnarajapura,1958,4,0,1,1494.0,2820.0,1395.3333333333333,464.0,0.7071067811865476,-0.7071067811865475,-0.433883739117558,-0.9009688679024191
2025-08-08,10,Krishnarajapura,1294,4,0,1,1958.0,1815.0,1582.0,-664.0,0.49999999999999994,-0.8660254037844387,-0.433883739117558,-0.9009688679024191
2025-08-08,11,Krishnarajapura,1083,4,0,0,1294.0,1292.0,1445.0,-211.0,0.258819045102521,-0.9659258262890682,-0.433883739117558,-0.9009688679024191
2025-08-08,12,Krishnarajapura,831,4,0,0,1083.0,702.0,1069.3333333333333,-252.0,1.2246467991473532e-16,-1.0,-0.433883739117558,-0.9009688679024191
2025-08-08,13,Krishnarajapura,687,4,0,0,831.0,872.0,867.0,-144.0,-0.2588190451025208,-0.9659258262890683,-0.433883739117558,-0.9009688679024191
2025-08-08,14,Krishnarajapura,620,4,0,0,687.0,743.0,712.6666666666666,-67.0,-0.4999999999999997,-0.8660254037844388,-0.433883739117558,-0.9009688679024191
2025-08-08,15,Krishnarajapura,875,4,0,0,620.0,940.0,727.3333333333334,255.0,-0.7071067811865471,-0.7071067811865479,-0.433883739117558,-0.9009688679024191
2025-08-08,16,Krishnarajapura,1103,4,0,0,875.0,1441.0,866.0,228.0,-0.8660254037844385,-0.5000000000000004,-0.433883739117558,-0.9009688679024191
2025-08-08,17,Krishnarajapura,1286,4,0,1,1103.0,1713.0,1088.0,183.0,-0.9659258262890683,-0.25881904510252063,-0.433883739117558,-0.9009688679024191
2025-08-08,18,Krishnarajapura,1310,4,0,1,1286.0,1701.0,1233.0,24.0,-1.0,-1.8369701987210297e-16,-0.433883739117558,-0.9009688679024191
2025-08-08,19,Krishnarajapura,1106,4,0,1,1310.0,1477.0,1234.0,-204.0,-0.9659258262890684,0.2588190451025203,-0.433883739117558,-0.9009688679024191
2025-08-08,20,Krishnarajapura,922,4,0,1,1106.0,981.0,1112.6666666666667,-184.0,-0.8660254037844386,0.5000000000000001,-0.433883739117558,-0.9009688679024191
2025-08-08,21,Krishnarajapura,761,4,0,0,922.0,828.0,929.6666666666666,-161.0,-0.7071067811865477,0.7071067811865474,-0.433883739117558,-0.9009688679024191
2025-08-08,22,Krishnarajapura,285,4,0,0,761.0,426.0,656.0,-476.0,-0.5000000000000004,0.8660254037844384,-0.433883739117558,-0.9009688679024191
2025-08-08,23,Krishnarajapura,25,4,0,0,285.0,42.0,357.0,-260.0,-0.25881904510252157,0.9659258262890681,-0.433883739117558,-0.9009688679024191
2025-08-09,0,Krishnarajapura,0,5,1,0,25.0,2.0,103.33333333333333,-25.0,0.0,1.0,-0.9749279121818236,-0.2225209339563146
2025-08-09,1,Krishnarajapura,0,5,1,0,0.0,0.0,8.333333333333334,0.0,0.25881904510252074,0.9659258262890683,-0.9749279121818236,-0.2225209339563146
2025-08-09,2,Krishnarajapura,0,5,1,0,0.0,0.0,0.0,0.0,0.49999999999999994,0.8660254037844387,-0.9749279121818236,-0.2225209339563146
2025-08-09,3,Krishnarajapura,0,5,1,0,0.0,0.0,0.0,0.0,0.7071067811865476,0.7071067811865476,-0.9749279121818236,-0.2225209339563146
2025-08-09,4,Krishnarajapura,32,5,1,0,0.0,14.0,10.666666666666666,32.0,0.8660254037844386,0.5000000000000001,-0.9749279121818236,-0.2225209339563146
2025-08-09,5,Krishnarajapura,185,5,1,0,32.0,85.0,72.33333333333333,153.0,0.9659258262890683,0.25881904510252074,-0.9749279121818236,-0.2225209339563146
2025-08-09,6,Krishnarajapura,302,5,1,0,185.0,403.0,173.0,117.0,1.0,6.123233995736766e-17,-0.9749279121818236,-0.2225209339563146
2025-08-09,7,Krishnarajapura,686,5,1,1,302.0,734.0,391.0,384.0,0.9659258262890683,-0.25881904510252063,-0.9749279121818236,-0.2225209339563146
2025-08-09,8,Krishnarajapura,965,5,1,1,686.0,1494.0,651.0,279.0,0.8660254037844387,-0.4999999999999998,-0.9749279121818236,-0.2225209339563146
2025-08-09,9,Krishnarajapura,1114,5,1,1,965.0,1958.0,921.6666666666666,149.0,0.7071067811865476,-0.7071067811865475,-0.9749279121818236,-0.2225209339563146
2025-08-09,10,Krishnarajapura,1099,5,1,1,1114.0,1294.0,1059.3333333333333,-15.0,0.49999999999999994,-0.8660254037844387,-0.9749279121818236,-0.2225209339563146
2025-08-09,11,Krishnarajapura,1412,5,1,0,1099.0,1083.0,1208.3333333333333,313.0,0.258819045102521,-0.9659258262890682,-0.9749279121818236,-0.2225209339563146
2025-08-09,12,Krishnarajapura,1238,5,1,0,1412.0,831.0,1249.6666666666667,-174.0,1.2246467991473532e-16,-1.0,-0.9749279121818236,-0.2225209339563146
2025-08-09,13,Krishnarajapura,1151,5,1,0,1238.0,687.0,1267.0,-87.0,-0.2588190451025208,-0.9659258262890683,-0.9749279121818236,-0.2225209339563146
2025-08-09,14,Krishnarajapura,1042,5,1,0,1151.0,620.0,1143.6666666666667,-109.0,-0.4999999999999997,-0.8660254037844388,-0.9749279121818236,-0.2225209339563146
2025-08-09,15,Krishnarajapura,1097,5,1,0,1042.0,875.0,1096.6666666666667,55.0,-0.7071067811865471,-0.7071067811865479,-0.9749279121818236,-0.2225209339563146
2025-08-09,16,Krishnarajapura,1241,5,1,0,1097.0,1103.0,1126.6666666666667,144.0,-0.8660254037844385,-0.5000000000000004,-0.9749279121818236,-0.2225209339563146
2025-08-09,17,Krishnarajapura,966,5,1,1,1241.0,1286.0,1101.3333333333333,-275.0,-0.9659258262890683,-0.25881904510252063,-0.9749279121818236,-0.2225209339563146
2025-08-09,18,Krishnarajapura,870,5,1,1,966.0,1310.0,1025.6666666666667,-96.0,-1.0,-1.8369701987210297e-16,-0.9749279121818236,-0.2225209339563146
2025-08-09,19,Krishnarajapura,925,5,1,1,870.0,1106.0,920.3333333333334,55.0,-0.9659258262890684,0.2588190451025203,-0.9749279121818236,-0.2225209339563146
2025-08-09,20,Krishnarajapura,706,5,1,1,925.0,922.0,833.6666666666666,-219.0,-0.8660254037844386,0.5000000000000001,-0.9749279121818236,-0.2225209339563146
2025-08-09,21,Krishnarajapura,494,5,1,0,706.0,761.0,708.3333333333334,-212.0,-0.7071067811865477,0.7071067811865474,-0.9749279121818236,-0.2225209339563146
2025-08-09,22,Krishnarajapura,222,5,1,0,494.0,285.0,474.0,-272.0,-0.5000000000000004,0.8660254037844384,-0.9749279121818236,-0.2225209339563146
2025-08-09,23,Krishnarajapura,13,5,1,0,222.0,25.0,243.0,-209.0,-0.25881904510252157,0.9659258262890681,-0.9749279121818236,-0.2225209339563146
2025-08-10,0,Krishnarajapura,0,6,1,0,13.0,0.0,78.33333333333333,-13.0,0.0,1.0,-0.7818314824680299,0.6234898018587334
2025-08-10,1,Krishnarajapura,0,6,1,0,0.0,0.0,4.333333333333333,0.0,0.25881904510252074,0.9659258262890683,-0.7818314824680299,0.6234898018587334
2025-08-10,2,Krishnarajapura,0,6,1,0,0.0,0.0,0.0,0.0,0.49999999999999994,0.8660254037844387,-0.7818314824680299,0.6234898018587334
2025-08-10,3,Krishnarajapura,0,6,1,0,0.0,0.0,0.0,0.0,0.7071067811865476,0.7071067811865476,-0.7818314824680299,0.6234898018587334
2025-08-10,4,Krishnarajapura,0,6,1,0,0.0,32.0,0.0,0.0,0.8660254037844386,0.5000000000000001,-0.7818314824680299,0.6234898018587334
2025-08-10,5,Krishnarajapura,0,6,1,0,0.0,185.0,0.0,0.0,0.9659258262890683,0.25881904510252074,-0.7818314824680299,0.6234898018587334
2025-08-10,6,Krishnarajapura,141,6,1,0,0.0,302.0,47.0,141.0,1.0,6.123233995736766e-17,-0.7818314824680299,0.6234898018587334
2025-08-10,7,Krishnarajapura,370,6,1,1,141.0,686.0,170.33333333333334,229.0,0.9659258262890683,-0.25881904510252063,-0.7818314824680299,0.6234898018587334
2025-08-10,8,Krishnarajapura,533,6,1,1,370.0,965.0,348.0,163.0,0.8660254037844387,-0.4999999999999998,-0.7818314824680299,0.6234898018587334
2025-08-10,9,Krishnarajapura,832,6,1,1,533.0,1114.0,578.3333333333334,299.0,0.7071067811865476,-0.7071067811865475,-0.7818314824680299,0.6234898018587334
2025-08-10,10,Krishnarajapura,850,6,1,1,832.0,1099.0,738.3333333333334,18.0,0.49999999999999994,-0.8660254037844387,-0.7818314824680299,0.6234898018587334
2025-08-10,11,Krishnarajapura,1134,6,1,0,850.0,1412.0,938.6666666666666,284.0,0.258819045102521,-0.9659258262890682,-0.7818314824680299,0.6234898018587334
2025-08-10,12,Krishnarajapura,1399,6,1,0,1134.0,1238.0,1127.6666666666667,265.0,1.2246467991473532e-16,-1.0,-0.7818314824680299,0.6234898018587334
2025-08-10,13,Krishnarajapura,800,6,1,0,1399.0,1151.0,1111.0,-599.0,-0.2588190451025208,-0.9659258262890683,-0.7818314824680299,0.6234898018587334
2025-08-10,14,Krishnarajapura,682,6,1,0,800.0,1042.0,960.3333333333334,-118.0,-0.4999999999999997,-0.8660254037844388,-0.7818314824680299,0.6234898018587334
2025-08-10,15,Krishnarajapura,713,6,1,0,682.0,1097.0,731.6666666666666,31.0,-0.7071067811865471,-0.7071067811865479,-0.7818314824680299,0.6234898018587334
2025-08-10,16,Krishnarajapura,838,6,1,0,713.0,1241.0,744.3333333333334,125.0,-0.8660254037844385,-0.5000000000000004,-0.7818314824680299,0.6234898018587334
2025-08-10,17,Krishnarajapura,878,6,1,1,838.0,966.0,809.6666666666666,40.0,-0.9659258262890683,-0.25881904510252063,-0.7818314824680299,0.6234898018587334
2025-08-10,18,Krishnarajapura,784,6,1,1,878.0,870.0,833.3333333333334,-94.0,-1.0,-1.8369701987210297e-16,-0.7818314824680299,0.6234898018587334
2025-08-10,19,Krishnarajapura,714,6,1,1,784.0,925.0,792.0,-70.0,-0.9659258262890684,0.2588190451025203,-0.7818314824680299,0.6234898018587334
2025-08-10,20,Krishnarajapura,690,6,1,1,714.0,706.0,729.3333333333334,-24.0,-0.8660254037844386,0.5000000000000001,-0.7818314824680299,0.6234898018587334
2025-08-10,21,Krishnarajapura,715,6,1,0,690.0,494.0,706.3333333333334,25.0,-0.7071067811865477,0.7071067811865474,-0.7818314824680299,0.6234898018587334
2025-08-10,22,Krishnarajapura,453,6,1,0,715.0,222.0,619.3333333333334,-262.0,-0.5000000000000004,0.8660254037844384,-0.7818314824680299,0.6234898018587334
2025-08-10,23,Krishnarajapura,41,6,1,0,453.0,13.0,403.0,-412.0,-0.25881904510252157,0.9659258262890681,-0.7818314824680299,0.6234898018587334
2025-08-11,0,Krishnarajapura,2,0,0,0,41.0,0.0,165.33333333333334,-39.0,0.0,1.0,0.0,1.0
2025-08-11,1,Krishnarajapura,0,0,0,0,2.0,0.0,14.333333333333334,-2.0,0.25881904510252074,0.9659258262890683,0.0,1.0
2025-08-11,2,Krishnarajapura,0,0,0,0,0.0,0.0,0.6666666666666666,0.0,0.49999999999999994,0.8660254037844387,0.0,1.0
2025-08-11,3,Krishnarajapura,0,0,0,0,0.0,0.0,0.0,0.0,0.7071067811865476,0.7071067811865476,0.0,1.0
2025-08-11,4,Krishnarajapura,123,0,0,0,0.0,0.0,41.0,123.0,0.8660254037844386,0.5000000000000001,0.0,1.0
2025-08-11,5,Krishnarajapura,336,0,0,0,123.0,0.0,153.0,213.0,0.9659258262890683,0.25881904510252074,0.0,1.0
2025-08-11,6,Krishnarajapura,513,0,0,0,336.0,141.0,324.0,177.0,1.0,6.123233995736766e-17,0.0,1.0
2025-08-11,7,Krishnarajapura,1293,0,0,1,513.0,370.0,714.0,780.0,0.9659258262890683,-0.25881904510252063,0.0,1.0
2025-08-11,8,Krishnarajapura,1955,0,0,1,1293.0,533.0,1253.6666666666667,662.0,0.8660254037844387,-0.4999999999999998,0.0,1.0
2025-08-11,9,Krishnarajapura,2817,0,0,1,1955.0,832.0,2021.6666666666667,862.0,0.7071067811865476,-0.7071067811865475,0.0,1.0
2025-08-11,10,Krishnarajapura,2000,0,0,1,2817.0,850.0,2257.3333333333335,-817.0,0.49999999999999994,-0.8660254037844387,0.0,1.0
2025-08-11,11,Krishnarajapura,1390,0,0,0,2000.0,1134.0,2069.0,-610.0,0.258819045102521,-0.9659258262890682,0.0,1.0
2025-08-11,12,Krishnarajapura,1362,0,0,0,1390.0,1399.0,1584.0,-28.0,1.2246467991473532e-16,-1.0,0.0,1.0
2025-08-11,13,Krishnarajapura,959,0,0,0,1362.0,800.0,1237.0,-403.0,-0.2588190451025208,-0.9659258262890683,0.0,1.0
2025-08-11,14,Krishnarajapura,622,0,0,0,959.0,682.0,981.0,-337.0,-0.4999999999999997,-0.8660254037844388,0.0,1.0
2025-08-11,15,Krishnarajapura,791,0,0,0,622.0,713.0,790.6666666666666,169.0,-0.7071067811865471,-0.7071067811865479,0.0,1.0
2025-08-11,16,Krishnarajapura,1289,0,0,0,791.0,838.0,900.6666666666666,498.0,-0.8660254037844385,-0.5000000000000004,0.0,1.0
2025-08-11,17,Krishnarajapura,1330,0,0,1,1289.0,878.0,1136.6666666666667,41.0,-0.9659258262890683,-0.25881904510252063,0.0,1.0
2025-08-11,18,Krishnarajapura,1472,0,0,1,1330.0,784.0,1363.6666666666667,142.0,-1.0,-1.8369701987210297e-16,0.0,1.0
2025-08-11,19,Krishnarajapura,1336,0,0,1,1472.0,714.0,1379.3333333333333,-136.0,-0.9659258262890684,0.2588190451025203,0.0,1.0
2025-08-11,20,Krishnarajapura,824,0,0,1,1336.0,690.0,1210.6666666666667,-512.0,-0.8660254037844386,0.5000000000000001,0.0,1.0
2025-08-11,21,Krishnarajapura,694,0,0,0,824.0,715.0,951.3333333333334,-130.0,-0.7071067811865477,0.7071067811865474,0.0,1.0
2025-08-11,22,Krishnarajapura,219,0,0,0,694.0,453.0,579.0,-475.0,-0.5000000000000004,0.8660254037844384,0.0,1.0
2025-08-11,23,Krishnarajapura,77,0,0,0,219.0,41.0,330.0,-142.0,-0.25881904510252157,0.9659258262890681,0.0,1.0
2025-08-12,0,Krishnarajapura,0,1,0,0,77.0,2.0,98.66666666666667,-77.0,0.0,1.0,0.7818314824680298,0.6234898018587336
2025-08-12,1,Krishnarajapura,0,1,0,0,0.0,0.0,25.666666666666668,0.0,0.25881904510252074,0.9659258262890683,0.7818314824680298,0.6234898018587336
2025-08-12,2,Krishnarajapura,0,1,0,0,0.0,0.0,0.0,0.0,0.49999999999999994,0.8660254037844387,0.7818314824680298,0.6234898018587336
2025-08-12,3,Krishnarajapura,0,1,0,0,0.0,0.0,0.0,0.0,0.7071067811865476,0.7071067811865476,0.7818314824680298,0.6234898018587336
2025-08-12,4,Krishnarajapura,12,1,0,0,0.0,123.0,4.0,12.0,0.8660254037844386,0.5000000000000001,0.7818314824680298,0.6234898018587336
2025-08-12,5,Krishnarajapura,238,1,0,0,12.0,336.0,83.33333333333333,226.0,0.9659258262890683,0.25881904510252074,0.7818314824680298,0.6234898018587336
2025-08-12,6,Krishnarajapura,342,1,0,0,238.0,513.0,197.33333333333334,104.0,1.0,6.123233995736766e-17,0.7818314824680298,0.6234898018587336
2025-08-12,7,Krishnarajapura,875,1,0,1,342.0,1293.0,485.0,533.0,0.9659258262890683,-0.25881904510252063,0.7818314824680298,0.6234898018587336
2025-08-12,8,Krishnarajapura,2262,1,0,1,875.0,1955.0,1159.6666666666667,1387.0,0.8660254037844387,-0.4999999999999998,0.7818314824680298,0.6234898018587336
2025-08-12,9,Krishnarajapura,2838,1,0,1,2262.0,2817.0,1991.6666666666667,576.0,0.7071067811865476,-0.7071067811865475,0.7818314824680298,0.6234898018587336
2025-08-12,10,Krishnarajapura,2071,1,0,1,2838.0,2000.0,2390.3333333333335,-767.0,0.49999999999999994,-0.8660254037844387,0.7818314824680298,0.6234898018587336
2025-08-12,11,Krishnarajapura,1419,1,0,0,2071.0,1390.0,2109.3333333333335,-652.0,0.258819045102521,-0.9659258262890682,0.7818314824680298,0.6234898018587336
2025-08-12,12,Krishnarajapura,767,1,0,0,1419.0,1362.0,1419.0,-652.0,1.2246467991473532e-16,-1.0,0.7818314824680298,0.6234898018587336
2025-08-12,13,Krishnarajapura,688,1,0,0,767.0,959.0,958.0,-79.0,-0.2588190451025208,-0.9659258262890683,0.7818314824680298,0.6234898018587336
2025-08-12,14,Krishnarajapura,760,1,0,0,688.0,622.0,738.3333333333334,72.0,-0.4999999999999997,-0.8660254037844388,0.7818314824680298,0.6234898018587336
2025-08-12,15,Krishnarajapura,891,1,0,0,760.0,791.0,779.6666666666666,131.0,-0.7071067811865471,-0.7071067811865479,0.7818314824680298,0.6234898018587336
2025-08-12,16,Krishnarajapura,1401,1,0,0,891.0,1289.0,1017.3333333333334,510.0,-0.8660254037844385,-0.5000000000000004,0.7818314824680298,0.6234898018587336
2025-08-12,17,Krishnarajapura,1756,1,0,1,1401.0,1330.0,1349.3333333333333,355.0,-0.9659258262890683,-0.25881904510252063,0.7818314824680298,0.6234898018587336
2025-08-12,18,Krishnarajapura,1483,1,0,1,1756.0,1472.0,1546.6666666666667,-273.0,-1.0,-1.8369701987210297e-16,0.7818314824680298,0.6234898018587336
2025-08-12,19,Krishnarajapura,1253,1,0,1,1483.0,1336.0,1497.3333333333333,-230.0,-0.9659258262890684,0.2588190451025203,0.7818314824680298,0.6234898018587336
2025-08-12,20,Krishnarajapura,1072,1,0,1,1253.0,824.0,1269.3333333333333,-181.0,-0.8660254037844386,0.5000000000000001,0.7818314824680298,0.6234898018587336
2025-08-12,21,Krishnarajapura,670,1,0,0,1072.0,694.0,998.3333333333334,-402.0,-0.7071067811865477,0.7071067811865474,0.7818314824680298,0.6234898018587336
2025-08-12,22,Krishnarajapura,356,1,0,0,670.0,219.0,699.3333333333334,-314.0,-0.5000000000000004,0.8660254037844384,0.7818314824680298,0.6234898018587336
2025-08-12,23,Krishnarajapura,20,1,0,0,356.0,77.0,348.6666666666667,-336.0,-0.25881904510252157,0.9659258262890681,0.7818314824680298,0.6234898018587336
2025-08-13,0,Krishnarajapura,0,2,0,0,20.0,0.0,125.33333333333333,-20.0,0.0,1.0,0.9749279121818236,-0.22252093395631434
2025-08-13,1,Krishnarajapura,0,2,0,0,0.0,0.0,6.666666666666667,0.0,0.25881904510252074,0.9659258262890683,0.9749279121818236,-0.22252093395631434
2025-08-13,2,Krishnarajapura,0,2,0,0,0.0,0.0,0.0,0.0,0.49999999999999994,0.8660254037844387,0.9749279121818236,-0.22252093395631434
2025-08-13,3,Krishnarajapura,0,2,0,0,0.0,0.0,0.0,0.0,0.7071067811865476,0.7071067811865476,0.9749279121818236,-0.22252093395631434
2025-08-13,4,Krishnarajapura,10,2,0,0,0.0,12.0,3.3333333333333335,10.0,0.8660254037844386,0.5000000000000001,0.9749279121818236,-0.22252093395631434
2025-08-13,5,Krishnarajapura,145,2,0,0,10.0,238.0,51.666666666666664,135.0,0.9659258262890683,0.25881904510252074,0.9749279121818236,-0.22252093395631434
2025-08-13,6,Krishnarajapura,305,2,0,0,145.0,342.0,153.33333333333334,160.0,1.0,6.123233995736766e-17,0.9749279121818236,-0.22252093395631434
2025-08-13,7,Krishnarajapura,1101,2,0,1,305.0,875.0,517.0,796.0,0.9659258262890683,-0.25881904510252063,0.9749279121818236,-0.22252093395631434
2025-08-13,8,Krishnarajapura,2052,2,0,1,1101.0,2262.0,1152.6666666666667,951.0,0.8660254037844387,-0.4999999999999998,0.9749279121818236,-0.22252093395631434
2025-08-13,9,Krishnarajapura,2891,2,0,1,2052.0,2838.0,2014.6666666666667,839.0,0.7071067811865476,-0.7071067811865475,0.9749279121818236,-0.22252093395631434
2025-08-13,10,Krishnarajapura,1976,2,0,1,2891.0,2071.0,2306.3333333333335,-915.0,0.49999999999999994,-0.8660254037844387,0.9749279121818236,-0.22252093395631434
2025-08-13,11,Krishnarajapura,1063,2,0,0,1976.0,1419.0,1976.6666666666667,-913.0,0.258819045102521,-0.9659258262890682,0.9749279121818236,-0.22252093395631434
2025-08-13,12,Krishnarajapura,949,2,0,0,1063.0,767.0,1329.3333333333333,-114.0,1.2246467991473532e-16,-1.0,0.9749279121818236,-0.22252093395631434
2025-08-13,13,Krishnarajapura,778,2,0,0,949.0,688.0,930.0,-171.0,-0.2588190451025208,-0.9659258262890683,0.9749279121818236,-0.22252093395631434
2025-08-13,14,Krishnarajapura,941,2,0,0,778.0,760.0,889.3333333333334,163.0,-0.4999999999999997,-0.8660254037844388,0.9749279121818236,-0.22252093395631434
2025-08-13,15,Krishnarajapura,1032,2,0,0,941.0,891.0,917.0,91.0,-0.7071067811865471,-0.7071067811865479,0.9749279121818236,-0.22252093395631434
2025-08-13,16,Krishnarajapura,1399,2,0,0,1032.0,1401.0,1124.0,367.0,-0.8660254037844385,-0.5000000000000004,0.9749279121818236,-0.22252093395631434
2025-08-13,17,Krishnarajapura,1810,2,0,1,1399.0,1756.0,1413.6666666666667,411.0,-0.9659258262890683,-0.25881904510252063,0.9749279121818236,-0.22252093395631434
2025-08-13,18,Krishnarajapura,1478,2,0,1,1810.0,1483.0,1562.3333333333333,-332.0,-1.0,-1.8369701987210297e-16,0.9749279121818236,-0.22252093395631434
2025-08-13,19,Krishnarajapura,1689,2,0,1,1478.0,1253.0,1659.0,211.0,-0.9659258262890684,0.2588190451025203,0.9749279121818236,-0.22252093395631434
2025-08-13,20,Krishnarajapura,1294,2,0,1,1689.0,1072.0,1487.0,-395.0,-0.8660254037844386,0.5000000000000001,0.9749279121818236,-0.22252093395631434
2025-08-13,21,Krishnarajapura,1001,2,0,0,1294.0,670.0,1328.0,-293.0,-0.7071067811865477,0.7071067811865474,0.9749279121818236,-0.22252093395631434
2025-08-13,22,Krishnarajapura,512,2,0,0,1001.0,356.0,935.6666666666666,-489.0,-0.5000000000000004,0.8660254037844384,0.9749279121818236,-0.22252093395631434
2025-08-13,23,Krishnarajapura,41,2,0,0,512.0,20.0,518.0,-471.0,-0.25881904510252157,0.9659258262890681,0.9749279121818236,-0.22252093395631434
2025-08-14,0,Krishnarajapura,2,3,0,0,41.0,0.0,185.0,-39.0,0.0,1.0,0.43388373911755823,-0.900968867902419
2025-08-14,1,Krishnarajapura,0,3,0,0,2.0,0.0,14.333333333333334,-2.0,0.25881904510252074,0.9659258262890683,0.43388373911755823,-0.900968867902419
2025-08-14,2,Krishnarajapura,0,3,0,0,0.0,0.0,0.6666666666666666,0.0,0.49999999999999994,0.8660254037844387,0.43388373911755823,-0.900968867902419
2025-08-14,3,Krishnarajapura,0,3,0,0,0.0,0.0,0.0,0.0,0.7071067811865476,0.7071067811865476,0.43388373911755823,-0.900968867902419
2025-08-14,4,Krishnarajapura,23,3,0,0,0.0,10.0,7.666666666666667,23.0,0.8660254037844386,0.5000000000000001,0.43388373911755823,-0.900968867902419
2025-08-14,5,Krishnarajapura,240,3,0,0,23.0,145.0,87.66666666666667,217.0,0.9659258262890683,0.25881904510252074,0.43388373911755823,-0.900968867902419
2025-08-14,6,Krishnarajapura,410,3,0,0,240.0,305.0,224.33333333333334,170.0,1.0,6.123233995736766e-17,0.43388373911755823,-0.900968867902419
2025-08-14,7,Krishnarajapura,1009,3,0,1,410.0,1101.0,553.0,599.0,0.9659258262890683,-0.25881904510252063,0.43388373911755823,-0.900968867902419
2025-08-14,8,Krishnarajapura,2008,3,0,1,1009.0,2052.0,1142.3333333333333,999.0,0.8660254037844387,-0.4999999999999998,0.43388373911755823,-0.900968867902419
2025-08-14,9,Krishnarajapura,2654,3,0,1,2008.0,2891.0,1890.3333333333333,646.0,0.7071067811865476,-0.7071067811865475,0.43388373911755823,-0.900968867902419
2025-08-14,10,Krishnarajapura,1575,3,0,1,2654.0,1976.0,2079.0,-1079.0,0.49999999999999994,-0.8660254037844387,0.43388373911755823,-0.900968867902419
2025-08-14,11,Krishnarajapura,1196,3,0,0,1575.0,1063.0,1808.3333333333333,-379.0,0.258819045102521,-0.9659258262890682,0.43388373911755823,-0.900968867902419
2025-08-14,12,Krishnarajapura,858,3,0,0,1196.0,949.0,1209.6666666666667,-338.0,1.2246467991473532e-16,-1.0,0.43388373911755823,-0.900968867902419
2025-08-14,13,Krishnarajapura,997,3,0,0,858.0,778.0,1017.0,139.0,-0.2588190451025208,-0.9659258262890683,0.43388373911755823,-0.900968867902419
2025-08-14,14,Krishnarajapura,1007,3,0,0,997.0,941.0,954.0,10.0,-0.4999999999999997,-0.8660254037844388,0.43388373911755823,-0.900968867902419
2025-08-14,15,Krishnarajapura,945,3,0,0,1007.0,1032.0,983.0,-62.0,-0.7071067811865471,-0.7071067811865479,0.43388373911755823,-0.900968867902419
2025-08-14,16,Krishnarajapura,1550,3,0,0,945.0,1399.0,1167.3333333333333,605.0,-0.8660254037844385,-0.5000000000000004,0.43388373911755823,-0.900968867902419
2025-08-14,17,Krishnarajapura,1801,3,0,1,1550.0,1810.0,1432.0,251.0,-0.9659258262890683,-0.25881904510252063,0.43388373911755823,-0.900968867902419
2025-08-14,18,Krishnarajapura,1807,3,0,1,1801.0,1478.0,1719.3333333333333,6.0,-1.0,-1.8369701987210297e-16,0.43388373911755823,-0.900968867902419
2025-08-14,19,Krishnarajapura,1829,3,0,1,1807.0,1689.0,1812.3333333333333,22.0,-0.9659258262890684,0.2588190451025203,0.43388373911755823,-0.900968867902419
2025-08-14,20,Krishnarajapura,1575,3,0,1,1829.0,1294.0,1737.0,-254.0,-0.8660254037844386,0.5000000000000001,0.43388373911755823,-0.900968867902419
2025-08-14,21,Krishnarajapura,1086,3,0,0,1575.0,1001.0,1496.6666666666667,-489.0,-0.7071067811865477,0.7071067811865474,0.43388373911755823,-0.900968867902419
2025-08-14,22,Krishnarajapura,624,3,0,0,1086.0,512.0,1095.0,-462.0,-0.5000000000000004,0.8660254037844384,0.43388373911755823,-0.900968867902419
2025-08-14,23,Krishnarajapura,55,3,0,0,624.0,41.0,588.3333333333334,-569.0,-0.25881904510252157,0.9659258262890681,0.43388373911755823,-0.900968867902419
2025-08-02,0,Mahatma Gandhi Road,0,5,1,0,367.0,0.0,546.3333333333334,-367.0,0.0,1.0,-0.9749279121818236,-0.2225209339563146
2025-08-02,1,Mahatma Gandhi Road,0,5,1,0,0.0,0.0,122.33333333333333,0.0,0.25881904510252074,0.9659258262890683,-0.9749279121818236,-0.2225209339563146
2025-08-02,2,Mahatma Gandhi Road,0,5,1,0,0.0,0.0,0.0,0.0,0.49999999999999994,0.8660254037844387,-0.9749279121818236,-0.2225209339563146
2025-08-02,3,Mahatma Gandhi Road,0,5,1,0,0.0,0.0,0.0,0.0,0.7071067811865476,0.7071067811865476,-0.9749279121818236,-0.2225209339563146
2025-08-02,4,Mahatma Gandhi Road,1,5,1,0,0.0,0.0,0.3333333333333333,1.0,0.8660254037844386,0.5000000000000001,-0.9749279121818236,-0.2225209339563146
2025-08-02,5,Mahatma Gandhi Road,21,5,1,0,1.0,8.0,7.333333333333333,20.0,0.9659258262890683,0.25881904510252074,-0.9749279121818236,-0.2225209339563146
2025-08-02,6,Mahatma Gandhi Road,60,5,1,0,21.0,55.0,27.333333333333332,39.0,1.0,6.123233995736766e-17,-0.9749279121818236,-0.2225209339563146
2025-08-02,7,Mahatma Gandhi Road,99,5,1,1,60.0,125.0,60.0,39.0,0.9659258262890683,-0.25881904510252063,-0.9749279121818236,-0.2225209339563146
2025-08-02,8,Mahatma Gandhi Road,206,5,1,1,99.0,315.0,121.66666666666667,107.0,0.8660254037844387,-0.4999999999999998,-0.9749279121818236,-0.2225209339563146
2025-08-02,9,Mahatma Gandhi Road,268,5,1,1,206.0,380.0,191.0,62.0,0.7071067811865476,-0.7071067811865475,-0.9749279121818236,-0.2225209339563146
2025-08-02,10,Mahatma Gandhi Road,387,5,1,1,268.0,323.0,287.0,119.0,0.49999999999999994,-0.8660254037844387,-0.9749279121818236,-0.2225209339563146
2025-08-02,11,Mahatma Gandhi Road,596,5,1,0,387.0,617.0,417.0,209.0,0.258819045102521,-0.9659258262890682,-0.9749279121818236,-0.2225209339563146
2025-08-02,12,Mahatma Gandhi Road,1083,5,1,0,596.0,658.0,688.6666666666666,487.0,1.2246467991473532e-16,-1.0,-0.9749279121818236,-0.2225209339563146
2025-08-02,13,Mahatma Gandhi Road,1248,5,1,0,1083.0,924.0,975.6666666666666,165.0,-0.2588190451025208,-0.9659258262890683,-0.9749279121818236,-0.2225209339563146
2025-08-02,14,Mahatma Gandhi Road,1208,5,1,0,1248.0,1130.0,1179.6666666666667,-40.0,-0.4999999999999997,-0.8660254037844388,-0.9749279121818236,-0.2225209339563146
2025-08-02,15,Mahatma Gandhi Road,1394,5,1,0,1208.0,1637.0,1283.3333333333333,186.0,-0.7071067811865471,-0.7071067811865479,-0.9749279121818236,-0.2225209339563146
2025-08-02,16,Mahatma Gandhi Road,1904,5,1,0,1394.0,1589.0,1502.0,510.0,-0.8660254037844385,-0.5000000000000004,-0.9749279121818236,-0.2225209339563146
2025-08-02,17,Mahatma Gandhi Road,2342,5,1,1,1904.0,2490.0,1880.0,438.0,-0.9659258262890683,-0.25881904510252063,-0.9749279121818236,-0.2225209339563146
2025-08-02,18,Mahatma Gandhi Road,2934,5,1,1,2342.0,3696.0,2393.3333333333335,592.0,-1.0,-1.8369701987210297e-16,-0.9749279121818236,-0.2225209339563146
2025-08-02,19,Mahatma Gandhi Road,3064,5,1,1,2934.0,3149.0,2780.0,130.0,-0.9659258262890684,0.2588190451025203,-0.9749279121818236,-0.2225209339563146
2025-08-02,20,Mahatma Gandhi Road,2819,5,1,1,3064.0,2056.0,2939.0,-245.0,-0.8660254037844386,0.5000000000000001,-0.9749279121818236,-0.2225209339563146
2025-08-02,21,Mahatma Gandhi Road,2202,5,1,0,2819.0,1365.0,2695.0,-617.0,-0.7071067811865477,0.7071067811865474,-0.9749279121818236,-0.2225209339563146
2025-08-02,22,Mahatma Gandhi Road,2063,5,1,0,2202.0,1272.0,2361.3333333333335,-139.0,-0.5000000000000004,0.8660254037844384,-0.9749279121818236,-0.2225209339563146
2025-08-02,23,Mahatma Gandhi Road,674,5,1,0,2063.0,367.0,1646.3333333333333,-1389.0,-0.25881904510252157,0.9659258262890681,-0.9749279121818236,-0.2225209339563146
2025-08-03,0,Mahatma Gandhi Road,0,6,1,0,674.0,0.0,912.3333333333334,-674.0,0.0,1.0,-0.7818314824680299,0.6234898018587334
2025-08-03,1,Mahatma Gandhi Road,0,6,1,0,0.0,0.0,224.66666666666666,0.0,0.25881904510252074,0.9659258262890683,-0.7818314824680299,0.6234898018587334
2025-08-03,2,Mahatma Gandhi Road,0,6,1,0,0.0,0.0,0.0,0.0,0.49999999999999994,0.8660254037844387,-0.7818314824680299,0.6234898018587334
2025-08-03,3,Mahatma Gandhi Road,0,6,1,0,0.0,0.0,0.0,0.0,0.7071067811865476,0.7071067811865476,-0.7818314824680299,0.6234898018587334
2025-08-03,4,Mahatma Gandhi Road,0,6,1,0,0.0,1.0,0.0,0.0,0.8660254037844386,0.5000000000000001,-0.7818314824680299,0.6234898018587334
2025-08-03,5,Mahatma Gandhi Road,0,6,1,0,0.0,21.0,0.0,0.0,0.9659258262890683,0.25881904510252074,-0.7818314824680299,0.6234898018587334
2025-08-03,6,Mahatma Gandhi Road,14,6,1,0,0.0,60.0,4.666666666666667,14.0,1.0,6.123233995736766e-17,-0.7818314824680299,0.6234898018587334
2025-08-03,7,Mahatma Gandhi Road,79,6,1,1,14.0,99.0,31.0,65.0,0.9659258262890683,-0.25881904510252063,-0.7818314824680299,0.6234898018587334
2025-08-03,8,Mahatma Gandhi Road,116,6,1,1,79.0,206.0,69.66666666666667,37.0,0.8660254037844387,-0.4999999999999998,-0.7818314824680299,0.6234898018587334
2025-08-03,9,Mahatma Gandhi Road,177,6,1,1,116.0,268.0,124.0,61.0,0.7071067811865476,-0.7071067811865475,-0.7818314824680299,0.6234898018587334
2025-08-03,10,Mahatma Gandhi Road,291,6,1,1,177.0,387.0,194.66666666666666,114.0,0.49999999999999994,-0.8660254037844387,-0.7818314824680299,0.6234898018587334
2025-08-03,11,Mahatma Gandhi Road,377,6,1,0,291.0,596.0,281.6666666666667,86.0,0.258819045102521,-0.9659258262890682,-0.7818314824680299,0.6234898018587334
2025-08-03,12,Mahatma Gandhi Road,584,6,1,0,377.0,1083.0,417.3333333333333,207.0,1.2246467991473532e-16,-1.0,-0.7818314824680299,0.6234898018587334
2025-08-03,13,Mahatma Gandhi Road,678,6,1,0,584.0,1248.0,546.3333333333334,94.0,-0.2588190451025208,-0.9659258262890683,-0.7818314824680299,0.6234898018587334
2025-08-03,14,Mahatma Gandhi Road,1256,6,1,0,678.0,1208.0,839.3333333333334,578.0,-0.4999999999999997,-0.8660254037844388,-0.7818314824680299,0.6234898018587334
2025-08-03,15,Mahatma Gandhi Road,1468,6,1,0,1256.0,1394.0,1134.0,212.0,-0.7071067811865471,-0.7071067811865479,-0.7818314824680299,0.6234898018587334
2025-08-03,16,Mahatma Gandhi Road,1623,6,1,0,1468.0,1904.0,1449.0,155.0,-0.8660254037844385,-0.5000000000000004,-0.7818314824680299,0.6234898018587334
2025-08-03,17,Mahatma Gandhi Road,2012,6,1,1,1623.0,2342.0,1701.0,389.0,-0.9659258262890683,-0.25881904510252063,-0.7818314824680299,0.6234898018587334
2025-08-03,18,Mahatma Gandhi Road,1993,6,1,1,2012.0,2934.0,1876.0,-19.0,-1.0,-1.8369701987210297e-16,-0.7818314824680299,0.6234898018587334
2025-08-03,19,Mahatma Gandhi Road,2139,6,1,1,1993.0,3064.0,2048.0,146.0,-0.9659258262890684,0.2588190451025203,-0.7818314824680299,0.6234898018587334
2025-08-03,20,Mahatma Gandhi Road,2449,6,1,1,2139.0,2819.0,2193.6666666666665,310.0,-0.8660254037844386,0.5000000000000001,-0.7818314824680299,0.6234898018587334
2025-08-03,21,Mahatma Gandhi Road,2093,6,1,0,2449.0,2202.0,2227.0,-356.0,-0.7071067811865477,0.7071067811865474,-0.7818314824680299,0.6234898018587334
2025-08-03,22,Mahatma Gandhi Road,1591,6,1,0,2093.0,2063.0,2044.3333333333333,-502.0,-0.5000000000000004,0.8660254037844384,-0.7818314824680299,0.6234898018587334
2025-08-03,23,Mahatma Gandhi Road,414,6,1,0,1591.0,674.0,1366.0,-1177.0,-0.25881904510252157,0.9659258262890681,-0.7818314824680299,0.6234898018587334
2025-08-04,0,Mahatma Gandhi Road,0,0,0,0,414.0,0.0,668.3333333333334,-414.0,0.0,1.0,0.0,1.0
2025-08-04,1,Mahatma Gandhi Road,0,0,0,0,0.0,0.0,138.0,0.0,0.25881904510252074,0.9659258262890683,0.0,1.0
2025-08-04,2,Mahatma Gandhi Road,0,0,0,0,0.0,0.0,0.0,0.0,0.49999999999999994,0.8660254037844387,0.0,1.0
2025-08-04,3,Mahatma Gandhi Road,0,0,0,0,0.0,0.0,0.0,0.0,0.7071067811865476,0.7071067811865476,0.0,1.0
2025-08-04,4,Mahatma Gandhi Road,4,0,0,0,0.0,0.0,1.3333333333333333,4.0,0.8660254037844386,0.5000000000000001,0.0,1.0
2025-08-04,5,Mahatma Gandhi Road,13,0,0,0,4.0,0.0,5.666666666666667,9.0,0.9659258262890683,0.25881904510252074,0.0,1.0
2025-08-04,6,Mahatma Gandhi Road,76,0,0,0,13.0,14.0,31.0,63.0,1.0,6.123233995736766e-17,0.0,1.0
2025-08-04,7,Mahatma Gandhi Road,168,0,0,1,76.0,79.0,85.66666666666667,92.0,0.9659258262890683,-0.25881904510252063,0.0,1.0
2025-08-04,8,Mahatma Gandhi Road,369,0,0,1,168.0,116.0,204.33333333333334,201.0,0.8660254037844387,-0.4999999999999998,0.0,1.0
2025-08-04,9,Mahatma Gandhi Road,428,0,0,1,369.0,177.0,321.6666666666667,59.0,0.7071067811865476,-0.7071067811865475,0.0,1.0
2025-08-04,10,Mahatma Gandhi Road,432,0,0,1,428.0,291.0,409.6666666666667,4.0,0.49999999999999994,-0.8660254037844387,0.0,1.0
2025-08-04,11,Mahatma Gandhi Road,670,0,0,0,432.0,377.0,510.0,238.0,0.258819045102521,-0.9659258262890682,0.0,1.0
2025-08-04,12,Mahatma Gandhi Road,763,0,0,0,670.0,584.0,621.6666666666666,93.0,1.2246467991473532e-16,-1.0,0.0,1.0
2025-08-04,13,Mahatma Gandhi Road,971,0,0,0,763.0,678.0,801.3333333333334,208.0,-0.2588190451025208,-0.9659258262890683,0.0,1.0
2025-08-04,14,Mahatma Gandhi Road,1063,0,0,0,971.0,1256.0,932.3333333333334,92.0,-0.4999999999999997,-0.8660254037844388,0.0,1.0
2025-08-04,15,Mahatma Gandhi Road,1356,0,0,0,1063.0,1468.0,1130.0,293.0,-0.7071067811865471,-0.7071067811865479,0.0,1.0
2025-08-04,16,Mahatma Gandhi Road,1741,0,0,0,1356.0,1623.0,1386.6666666666667,385.0,-0.8660254037844385,-0.5000000000000004,0.0,1.0
2025-08-04,17,Mahatma Gandhi Road,2456,0,0,1,1741.0,2012.0,1851.0,715.0,-0.9659258262890683,-0.25881904510252063,0.0,1.0
2025-08-04,18,Mahatma Gandhi Road,3978,0,0,1,2456.0,1993.0,2725.0,1522.0,-1.0,-1.8369701987210297e-16,0.0,1.0
2025-08-04,19,Mahatma Gandhi Road,2962,0,0,1,3978.0,2139.0,3132.0,-1016.0,-0.9659258262890684,0.2588190451025203,0.0,1.0
2025-08-04,20,Mahatma Gandhi Road,1551,0,0,1,2962.0,2449.0,2830.3333333333335,-1411.0,-0.8660254037844386,0.5000000000000001,0.0,1.0
2025-08-04,21,Mahatma Gandhi Road,925,0,0,0,1551.0,2093.0,1812.6666666666667,-626.0,-0.7071067811865477,0.7071067811865474,0.0,1.0
2025-08-04,22,Mahatma Gandhi Road,642,0,0,0,925.0,1591.0,1039.3333333333333,-283.0,-0.5000000000000004,0.8660254037844384,0.0,1.0
2025-08-04,23,Mahatma Gandhi Road,133,0,0,0,642.0,414.0,566.6666666666666,-509.0,-0.25881904510252157,0.9659258262890681,0.0,1.0
2025-08-05,0,Mahatma Gandhi Road,0,1,0,0,133.0,0.0,258.3333333333333,-133.0,0.0,1.0,0.7818314824680298,0.6234898018587336
2025-08-05,1,Mahatma Gandhi Road,0,1,0,0,0.0,0.0,44.333333333333336,0.0,0.25881904510252074,0.9659258262890683,0.7818314824680298,0.6234898018587336
2025-08-05,2,Mahatma Gandhi Road,0,1,0,0,0.0,0.0,0.0,0.0,0.49999999999999994,0.8660254037844387,0.7818314824680298,0.6234898018587336
2025-08-05,3,Mahatma Gandhi Road,0,1,0,0,0.0,0.0,0.0,0.0,0.7071067811865476,0.7071067811865476,0.7818314824680298,0.6234898018587336
2025-08-05,4,Mahatma Gandhi Road,0,1,0,0,0.0,4.0,0.0,0.0,0.8660254037844386,0.5000000000000001,0.7818314824680298,0.6234898018587336
2025-08-05,5,Mahatma Gandhi Road,21,1,0,0,0.0,13.0,7.0,21.0,0.9659258262890683,0.25881904510252074,0.7818314824680298,0.6234898018587336
2025-08-05,6,Mahatma Gandhi Road,57,1,0,0,21.0,76.0,26.0,36.0,1.0,6.123233995736766e-17,0.7818314824680298,0.6234898018587336
2025-08-05,7,Mahatma Gandhi Road,162,1,0,1,57.0,168.0,80.0,105.0,0.9659258262890683,-0.25881904510252063,0.7818314824680298,0.6234898018587336
2025-08-05,8,Mahatma Gandhi Road,394,1,0,1,162.0,369.0,204.33333333333334,232.0,0.8660254037844387,-0.4999999999999998,0.7818314824680298,0.6234898018587336
2025-08-05,9,Mahatma Gandhi Road,401,1,0,1,394.0,428.0,319.0,7.0,0.7071067811865476,-0.7071067811865475,0.7818314824680298,0.6234898018587336
2025-08-05,10,Mahatma Gandhi Road,420,1,0,1,401.0,432.0,405.0,19.0,0.49999999999999994,-0.8660254037844387,0.7818314824680298,0.6234898018587336
2025-08-05,11,Mahatma Gandhi Road,714,1,0,0,420.0,670.0,511.6666666666667,294.0,0.258819045102521,-0.9659258262890682,0.7818314824680298,0.6234898018587336
2025-08-05,12,Mahatma Gandhi Road,775,1,0,0,714.0,763.0,636.3333333333334,61.0,1.2246467991473532e-16,-1.0,0.7818314824680298,0.6234898018587336
2025-08-05,13,Mahatma Gandhi Road,895,1,0,0,775.0,971.0,794.6666666666666,120.0,-0.2588190451025208,-0.9659258262890683,0.7818314824680298,0.6234898018587336
2025-08-05,14,Mahatma Gandhi Road,964,1,0,0,895.0,1063.0,878.0,69.0,-0.4999999999999997,-0.8660254037844388,0.7818314824680298,0.6234898018587336
2025-08-05,15,Mahatma Gandhi Road,1568,1,0,0,964.0,1356.0,1142.3333333333333,604.0,-0.7071067811865471,-0.7071067811865479,0.7818314824680298,0.6234898018587336
2025-08-05,16,Mahatma Gandhi Road,1750,1,0,0,1568.0,1741.0,1427.3333333333333,182.0,-0.8660254037844385,-0.5000000000000004,0.7818314824680298,0.6234898018587336
2025-08-05,17,Mahatma Gandhi Road,2502,1,0,1,1750.0,2456.0,1940.0,752.0,-0.9659258262890683,-0.25881904510252063,0.7818314824680298,0.6234898018587336
2025-08-05,18,Mahatma Gandhi Road,3842,1,0,1,2502.0,3978.0,2698.0,1340.0,-1.0,-1.8369701987210297e-16,0.7818314824680298,0.6234898018587336
2025-08-05,19,Mahatma Gandhi Road,3306,1,0,1,3842.0,2962.0,3216.6666666666665,-536.0,-0.9659258262890684,0.2588190451025203,0.7818314824680298,0.6234898018587336
2025-08-05,20,Mahatma Gandhi Road,1777,1,0,1,3306.0,1551.0,2975.0,-1529.0,-0.8660254037844386,0.5000000000000001,0.7818314824680298,0.6234898018587336
2025-08-05,21,Mahatma Gandhi Road,963,1,0,0,1777.0,925.0,2015.3333333333333,-814.0,-0.7071067811865477,0.7071067811865474,0.7818314824680298,0.6234898018587336
2025-08-05,22,Mahatma Gandhi Road,647,1,0,0,963.0,642.0,1129.0,-316.0,-0.5000000000000004,0.8660254037844384,0.7818314824680298,0.6234898018587336
2025-08-05,23,Mahatma Gandhi Road,125,1,0,0,647.0,133.0,578.3333333333334,-522.0,-0.25881904510252157,0.9659258262890681,0.7818314824680298,0.6234898018587336
2025-08-06,0,Mahatma Gandhi Road,0,2,0,0,125.0,0.0,257.3333333333333,-125.0,0.0,1.0,0.9749279121818236,-0.22252093395631434
2025-08-06,1,Mahatma Gandhi Road,0,2,0,0,0.0,0.0,41.666666666666664,0.0,0.25881904510252074,0.9659258262890683,0.9749279121818236,-0.22252093395631434
2025-08-06,2,Mahatma Gandhi Road,0,2,0,0,0.0,0.0,0.0,0.0,0.49999999999999994,0.8660254037844387,0.9749279121818236,-0.22252093395631434
2025-08-06,3,Mahatma Gandhi Road,0,2,0,0,0.0,0.0,0.0,0.0,0.7071067811865476,0.7071067811865476,0.9749279121818236,-0.22252093395631434
2025-08-06,4,Mahatma Gandhi Road,1,2,0,0,0.0,0.0,0.3333333333333333,1.0,0.8660254037844386,0.5000000000000001,0.9749279121818236,-0.22252093395631434
2025-08-06,5,Mahatma Gandhi Road,33,2,0,0,1.0,21.0,11.333333333333334,32.0,0.9659258262890683,0.25881904510252074,0.9749279121818236,-0.22252093395631434
2025-08-06,6,Mahatma Gandhi Road,57,2,0,0,33.0,57.0,30.333333333333332,24.0,1.0,6.123233995736766e-17,0.9749279121818236,-0.22252093395631434
2025-08-06,7,Mahatma Gandhi Road,188,2,0,1,57.0,162.0,92.66666666666667,131.0,0.9659258262890683,-0.25881904510252063,0.9749279121818236,-0.22252093395631434
2025-08-06,8,Mahatma Gandhi Road,401,2,0,1,188.0,394.0,215.33333333333334,213.0,0.8660254037844387,-0.4999999999999998,0.9749279121818236,-0.22252093395631434
2025-08-06,9,Mahatma Gandhi Road,455,2,0,1,401.0,401.0,348.0,54.0,0.7071067811865476,-0.7071067811865475,0.9749279121818236,-0.22252093395631434
2025-08-06,10,Mahatma Gandhi Road,392,2,0,1,455.0,420.0,416.0,-63.0,0.49999999999999994,-0.8660254037844387,0.9749279121818236,-0.22252093395631434
2025-08-06,11,Mahatma Gandhi Road,737,2,0,0,392.0,714.0,528.0,345.0,0.258819045102521,-0.9659258262890682,0.9749279121818236,-0.22252093395631434
2025-08-06,12,Mahatma Gandhi Road,862,2,0,0,737.0,775.0,663.6666666666666,125.0,1.2246467991473532e-16,-1.0,0.9749279121818236,-0.22252093395631434
2025-08-06,13,Mahatma Gandhi Road,976,2,0,0,862.0,895.0,858.3333333333334,114.0,-0.2588190451025208,-0.9659258262890683,0.9749279121818236,-0.22252093395631434
2025-08-06,14,Mahatma Gandhi Road,1139,2,0,0,976.0,964.0,992.3333333333334,163.0,-0.4999999999999997,-0.8660254037844388,0.9749279121818236,-0.22252093395631434
2025-08-06,15,Mahatma Gandhi Road,1578,2,0,0,1139.0,1568.0,1231.0,439.0,-0.7071067811865471,-0.7071067811865479,0.9749279121818236,-0.22252093395631434
2025-08-06,16,Mahatma Gandhi Road,1772,2,0,0,1578.0,1750.0,1496.3333333333333,194.0,-0.8660254037844385,-0.5000000000000004,0.9749279121818236,-0.22252093395631434
2025-08-06,17,Mahatma Gandhi Road,2670,2,0,1,1772.0,2502.0,2006.6666666666667,898.0,-0.9659258262890683,-0.25881904510252063,0.9749279121818236,-0.22252093395631434
2025-08-06,18,Mahatma Gandhi Road,3846,2,0,1,2670.0,3842.0,2762.6666666666665,1176.0,-1.0,-1.8369701987210297e-16,0.9749279121818236,-0.22252093395631434
2025-08-06,19,Mahatma Gandhi Road,3456,2,0,1,3846.0,3306.0,3324.0,-390.0,-0.9659258262890684,0.2588190451025203,0.9749279121818236,-0.22252093395631434
2025-08-06,20,Mahatma Gandhi Road,1923,2,0,1,3456.0,1777.0,3075.0,-1533.0,-0.8660254037844386,0.5000000000000001,0.9749279121818236,-0.22252093395631434
2025-08-06,21,Mahatma Gandhi Road,1227,2,0,0,1923.0,963.0,2202.0,-696.0,-0.7071067811865477,0.7071067811865474,0.9749279121818236,-0.22252093395631434
2025-08-06,22,Mahatma Gandhi Road,866,2,0,0,1227.0,647.0,1338.6666666666667,-361.0,-0.5000000000000004,0.8660254037844384,0.9749279121818236,-0.22252093395631434
2025-08-06,23,Mahatma Gandhi Road,178,2,0,0,866.0,125.0,757.0,-688.0,-0.25881904510252157,0.9659258262890681,0.9749279121818236,-0.22252093395631434
2025-08-07,0,Mahatma Gandhi Road,0,3,0,0,178.0,0.0,348.0,-178.0,0.0,1.0,0.43388373911755823,-0.900968867902419
2025-08-07,1,Mahatma Gandhi Road,0,3,0,0,0.0,0.0,59.333333333333336,0.0,0.25881904510252074,0.9659258262890683,0.43388373911755823,-0.900968867902419
2025-08-07,2,Mahatma Gandhi Road,0,3,0,0,0.0,0.0,0.0,0.0,0.49999999999999994,0.8660254037844387,0.43388373911755823,-0.900968867902419
2025-08-07,3,Mahatma Gandhi Road,0,3,0,0,0.0,0.0,0.0,0.0,0.7071067811865476,0.7071067811865476,0.43388373911755823,-0.900968867902419
2025-08-07,4,Mahatma Gandhi Road,2,3,0,0,0.0,1.0,0.6666666666666666,2.0,0.8660254037844386,0.5000000000000001,0.43388373911755823,-0.900968867902419
2025-08-07,5,Mahatma Gandhi Road,17,3,0,0,2.0,33.0,6.333333333333333,15.0,0.9659258262890683,0.25881904510252074,0.43388373911755823,-0.900968867902419
2025-08-07,6,Mahatma Gandhi Road,58,3,0,0,17.0,57.0,25.666666666666668,41.0,1.0,6.123233995736766e-17,0.43388373911755823,-0.900968867902419
2025-08-07,7,Mahatma Gandhi Road,107,3,0,1,58.0,188.0,60.666666666666664,49.0,0.9659258262890683,-0.25881904510252063,0.43388373911755823,-0.900968867902419
2025-08-07,8,Mahatma Gandhi Road,371,3,0,1,107.0,401.0,178.66666666666666,264.0,0.8660254037844387,-0.4999999999999998,0.43388373911755823,-0.900968867902419
2025-08-07,9,Mahatma Gandhi Road,430,3,0,1,371.0,455.0,302.6666666666667,59.0,0.7071067811865476,-0.7071067811865475,0.43388373911755823,-0.900968867902419
2025-08-07,10,Mahatma Gandhi Road,403,3,0,1,430.0,392.0,401.3333333333333,-27.0,0.49999999999999994,-0.8660254037844387,0.43388373911755823,-0.900968867902419
2025-08-07,11,Mahatma Gandhi Road,695,3,0,0,403.0,737.0,509.3333333333333,292.0,0.258819045102521,-0.9659258262890682,0.43388373911755823,-0.900968867902419
2025-08-07,12,Mahatma Gandhi Road,798,3,0,0,695.0,862.0,632.0,103.0,1.2246467991473532e-16,-1.0,0.43388373911755823,-0.900968867902419
2025-08-07,13,Mahatma Gandhi Road,918,3,0,0,798.0,976.0,803.6666666666666,120.0,-0.2588190451025208,-0.9659258262890683,0.43388373911755823,-0.900968867902419
2025-08-07,14,Mahatma Gandhi Road,1285,3,0,0,918.0,1139.0,1000.3333333333334,367.0,-0.4999999999999997,-0.8660254037844388,0.43388373911755823,-0.900968867902419
2025-08-07,15,Mahatma Gandhi Road,1478,3,0,0,1285.0,1578.0,1227.0,193.0,-0.7071067811865471,-0.7071067811865479,0.43388373911755823,-0.900968867902419
2025-08-07,16,Mahatma Gandhi Road,1707,3,0,0,1478.0,1772.0,1490.0,229.0,-0.8660254037844385,-0.5000000000000004,0.43388373911755823,-0.900968867902419
2025-08-07,17,Mahatma Gandhi Road,2428,3,0,1,1707.0,2670.0,1871.0,721.0,-0.9659258262890683,-0.25881904510252063,0.43388373911755823,-0.900968867902419
2025-08-07,18,Mahatma Gandhi Road,3625,3,0,1,2428.0,3846.0,2586.6666666666665,1197.0,-1.0,-1.8369701987210297e-16,0.43388373911755823,-0.900968867902419
2025-08-07,19,Mahatma Gandhi Road,3307,3,0,1,3625.0,3456.0,3120.0,-318.0,-0.9659258262890684,0.2588190451025203,0.43388373911755823,-0.900968867902419
2025-08-07,20,Mahatma Gandhi Road,1919,3,0,1,3307.0,1923.0,2950.3333333333335,-1388.0,-0.8660254037844386,0.5000000000000001,0.43388373911755823,-0.900968867902419
2025-08-07,21,Mahatma Gandhi Road,1197,3,0,0,1919.0,1227.0,2141.0,-722.0,-0.7071067811865477,0.7071067811865474,0.43388373911755823,-0.900968867902419
2025-08-07,22,Mahatma Gandhi Road,712,3,0,0,1197.0,866.0,1276.0,-485.0,-0.5000000000000004,0.8660254037844384,0.43388373911755823,-0.900968867902419
2025-08-07,23,Mahatma Gandhi Road,203,3,0,0,712.0,178.0,704.0,-509.0,-0.25881904510252157,0.9659258262890681,0.43388373911755823,-0.900968867902419
2025-08-08,0,Mahatma Gandhi Road,0,4,0,0,203.0,0.0,305.0,-203.0,0.0,1.0,-0.433883739117558,-0.9009688679024191
2025-08-08,1,Mahatma Gandhi Road,0,4,0,0,0.0,0.0,67.66666666666667,0.0,0.25881904510252074,0.9659258262890683,-0.433883739117558,-0.9009688679024191
2025-08-08,2,Mahatma Gandhi Road,0,4,0,0,0.0,0.0,0.0,0.0,0.49999999999999994,0.8660254037844387,-0.433883739117558,-0.9009688679024191
2025-08-08,3,Mahatma Gandhi Road,0,4,0,0,0.0,0.0,0.0,0.0,0.7071067811865476,0.7071067811865476,-0.433883739117558,-0.9009688679024191
2025-08-08,4,Mahatma Gandhi Road,2,4,0,0,0.0,2.0,0.6666666666666666,2.0,0.8660254037844386,0.5000000000000001,-0.433883739117558,-0.9009688679024191
2025-08-08,5,Mahatma Gandhi Road,15,4,0,0,2.0,17.0,5.666666666666667,13.0,0.9659258262890683,0.25881904510252074,-0.433883739117558,-0.9009688679024191
2025-08-08,6,Mahatma Gandhi Road,58,4,0,0,15.0,58.0,25.0,43.0,1.0,6.123233995736766e-17,-0.433883739117558,-0.9009688679024191
2025-08-08,7,Mahatma Gandhi Road,109,4,0,1,58.0,107.0,60.666666666666664,51.0,0.9659258262890683,-0.25881904510252063,-0.433883739117558,-0.9009688679024191
2025-08-08,8,Mahatma Gandhi Road,307,4,0,1,109.0,371.0,158.0,198.0,0.8660254037844387,-0.4999999999999998,-0.433883739117558,-0.9009688679024191
2025-08-08,9,Mahatma Gandhi Road,430,4,0,1,307.0,430.0,282.0,123.0,0.7071067811865476,-0.7071067811865475,-0.433883739117558,-0.9009688679024191
2025-08-08,10,Mahatma Gandhi Road,274,4,0,1,430.0,403.0,337.0,-156.0,0.49999999999999994,-0.8660254037844387,-0.433883739117558,-0.9009688679024191
2025-08-08,11,Mahatma Gandhi Road,556,4,0,0,274.0,695.0,420.0,282.0,0.258819045102521,-0.9659258262890682,-0.433883739117558,-0.9009688679024191
2025-08-08,12,Mahatma Gandhi Road,518,4,0,0,556.0,798.0,449.3333333333333,-38.0,1.2246467991473532e-16,-1.0,-0.433883739117558,-0.9009688679024191
2025-08-08,13,Mahatma Gandhi Road,712,4,0,0,518.0,918.0,595.3333333333334,194.0,-0.2588190451025208,-0.9659258262890683,-0.433883739117558,-0.9009688679024191
2025-08-08,14,Mahatma Gandhi Road,950,4,0,0,712.0,1285.0,726.6666666666666,238.0,-0.4999999999999997,-0.8660254037844388,-0.433883739117558,-0.9009688679024191
2025-08-08,15,Mahatma Gandhi Road,1355,4,0,0,950.0,1478.0,1005.6666666666666,405.0,-0.7071067811865471,-0.7071067811865479,-0.433883739117558,-0.9009688679024191
2025-08-08,16,Mahatma Gandhi Road,1427,4,0,0,1355.0,1707.0,1244.0,72.0,-0.8660254037844385,-0.5000000000000004,-0.433883739117558,-0.9009688679024191
2025-08-08,17,Mahatma Gandhi Road,2307,4,0,1,1427.0,2428.0,1696.3333333333333,880.0,-0.9659258262890683,-0.25881904510252063,-0.433883739117558,-0.9009688679024191
2025-08-08,18,Mahatma Gandhi Road,2883,4,0,1,2307.0,3625.0,2205.6666666666665,576.0,-1.0,-1.8369701987210297e-16,-0.433883739117558,-0.9009688679024191
2025-08-08,19,Mahatma Gandhi Road,2211,4,0,1,2883.0,3307.0,2467.0,-672.0,-0.9659258262890684,0.2588190451025203,-0.433883739117558,-0.9009688679024191
2025-08-08,20,Mahatma Gandhi Road,1479,4,0,1,2211.0,1919.0,2191.0,-732.0,-0.8660254037844386,0.5000000000000001,-0.433883739117558,-0.9009688679024191
2025-08-08,21,Mahatma Gandhi Road,1142,4,0,0,1479.0,1197.0,1610.6666666666667,-337.0,-0.7071067811865477,0.7071067811865474,-0.433883739117558,-0.9009688679024191
2025-08-08,22,Mahatma Gandhi Road,878,4,0,0,1142.0,712.0,1166.3333333333333,-264.0,-0.5000000000000004,0.8660254037844384,-0.433883739117558,-0.9009688679024191
2025-08-08,23,Mahatma Gandhi Road,205,4,0,0,878.0,203.0,741.6666666666666,-673.0,-0.25881904510252157,0.9659258262890681,-0.433883739117558,-0.9009688679024191
2025-08-09,0,Mahatma Gandhi Road,0,5,1,0,205.0,0.0,361.0,-205.0,0.0,1.0,-0.9749279121818236,-0.2225209339563146
2025-08-09,1,Mahatma Gandhi Road,0,5,1,0,0.0,0.0,68.33333333333333,0.0,0.25881904510252074,0.9659258262890683,-0.9749279121818236,-0.2225209339563146
2025-08-09,2,Mahatma Gandhi Road,0,5,1,0,0.0,0.0,0.0,0.0,0.49999999999999994,0.8660254037844387,-0.9749279121818236,-0.2225209339563146
2025-08-09,3,Mahatma Gandhi Road,0,5,1,0,0.0,0.0,0.0,0.0,0.7071067811865476,0.7071067811865476,-0.9749279121818236,-0.2225209339563146
2025-08-09,4,Mahatma Gandhi Road,2,5,1,0,0.0,2.0,0.6666666666666666,2.0,0.8660254037844386,0.5000000000000001,-0.9749279121818236,-0.2225209339563146
2025-08-09,5,Mahatma Gandhi Road,22,5,1,0,2.0,15.0,8.0,20.0,0.9659258262890683,0.25881904510252074,-0.9749279121818236,-0.2225209339563146
2025-08-09,6,Mahatma Gandhi Road,55,5,1,0,22.0,58.0,26.333333333333332,33.0,1.0,6.123233995736766e-17,-0.9749279121818236,-0.2225209339563146
2025-08-09,7,Mahatma Gandhi Road,100,5,1,1,55.0,109.0,59.0,45.0,0.9659258262890683,-0.25881904510252063,-0.9749279121818236,-0.2225209339563146
2025-08-09,8,Mahatma Gandhi Road,214,5,1,1,100.0,307.0,123.0,114.0,0.8660254037844387,-0.4999999999999998,-0.9749279121818236,-0.2225209339563146
2025-08-09,9,Mahatma Gandhi Road,316,5,1,1,214.0,430.0,210.0,102.0,0.7071067811865476,-0.7071067811865475,-0.9749279121818236,-0.2225209339563146
2025-08-09,10,Mahatma Gandhi Road,298,5,1,1,316.0,274.0,276.0,-18.0,0.49999999999999994,-0.8660254037844387,-0.9749279121818236,-0.2225209339563146
2025-08-09,11,Mahatma Gandhi Road,593,5,1,0,298.0,556.0,402.3333333333333,295.0,0.258819045102521,-0.9659258262890682,-0.9749279121818236,-0.2225209339563146
2025-08-09,12,Mahatma Gandhi Road,899,5,1,0,593.0,518.0,596.6666666666666,306.0,1.2246467991473532e-16,-1.0,-0.9749279121818236,-0.2225209339563146
2025-08-09,13,Mahatma Gandhi Road,1083,5,1,0,899.0,712.0,858.3333333333334,184.0,-0.2588190451025208,-0.9659258262890683,-0.9749279121818236,-0.2225209339563146
2025-08-09,14,Mahatma Gandhi Road,1035,5,1,0,1083.0,950.0,1005.6666666666666,-48.0,-0.4999999999999997,-0.8660254037844388,-0.9749279121818236,-0.2225209339563146
2025-08-09,15,Mahatma Gandhi Road,1339,5,1,0,1035.0,1355.0,1152.3333333333333,304.0,-0.7071067811865471,-0.7071067811865479,-0.9749279121818236,-0.2225209339563146
2025-08-09,16,Mahatma Gandhi Road,1744,5,1,0,1339.0,1427.0,1372.6666666666667,405.0,-0.8660254037844385,-0.5000000000000004,-0.9749279121818236,-0.2225209339563146
2025-08-09,17,Mahatma Gandhi Road,2057,5,1,1,1744.0,2307.0,1713.3333333333333,313.0,-0.9659258262890683,-0.25881904510252063,-0.9749279121818236,-0.2225209339563146
2025-08-09,18,Mahatma Gandhi Road,2351,5,1,1,2057.0,2883.0,2050.6666666666665,294.0,-1.0,-1.8369701987210297e-16,-0.9749279121818236,-0.2225209339563146
2025-08-09,19,Mahatma Gandhi Road,2351,5,1,1,2351.0,2211.0,2253.0,0.0,-0.9659258262890684,0.2588190451025203,-0.9749279121818236,-0.2225209339563146
2025-08-09,20,Mahatma Gandhi Road,2063,5,1,1,2351.0,1479.0,2255.0,-288.0,-0.8660254037844386,0.5000000000000001,-0.9749279121818236,-0.2225209339563146
2025-08-09,21,Mahatma Gandhi Road,1504,5,1,0,2063.0,1142.0,1972.6666666666667,-559.0,-0.7071067811865477,0.7071067811865474,-0.9749279121818236,-0.2225209339563146
2025-08-09,22,Mahatma Gandhi Road,1330,5,1,0,1504.0,878.0,1632.3333333333333,-174.0,-0.5000000000000004,0.8660254037844384,-0.9749279121818236,-0.2225209339563146
2025-08-09,23,Mahatma Gandhi Road,398,5,1,0,1330.0,205.0,1077.3333333333333,-932.0,-0.25881904510252157,0.9659258262890681,-0.9749279121818236,-0.2225209339563146
2025-08-10,0,Mahatma Gandhi Road,0,6,1,0,398.0,0.0,576.0,-398.0,0.0,1.0,-0.7818314824680299,0.6234898018587334
2025-08-10,1,Mahatma Gandhi Road,0,6,1,0,0.0,0.0,132.66666666666666,0.0,0.25881904510252074,0.9659258262890683,-0.7818314824680299,0.6234898018587334
2025-08-10,2,Mahatma Gandhi Road,0,6,1,0,0.0,0.0,0.0,0.0,0.49999999999999994,0.8660254037844387,-0.7818314824680299,0.6234898018587334
2025-08-10,3,Mahatma Gandhi Road,0,6,1,0,0.0,0.0,0.0,0.0,0.7071067811865476,0.7071067811865476,-0.7818314824680299,0.6234898018587334
2025-08-10,4,Mahatma Gandhi Road,0,6,1,0,0.0,2.0,0.0,0.0,0.8660254037844386,0.5000000000000001,-0.7818314824680299,0.6234898018587334
2025-08-10,5,Mahatma Gandhi Road,0,6,1,0,0.0,22.0,0.0,0.0,0.9659258262890683,0.25881904510252074,-0.7818314824680299,0.6234898018587334
2025-08-10,6,Mahatma Gandhi Road,13,6,1,0,0.0,55.0,4.333333333333333,13.0,1.0,6.123233995736766e-17,-0.7818314824680299,0.6234898018587334
2025-08-10,7,Mahatma Gandhi Road,76,6,1,1,13.0,100.0,29.666666666666668,63.0,0.9659258262890683,-0.25881904510252063,-0.7818314824680299,0.6234898018587334
2025-08-10,8,Mahatma Gandhi Road,110,6,1,1,76.0,214.0,66.33333333333333,34.0,0.8660254037844387,-0.4999999999999998,-0.7818314824680299,0.6234898018587334
2025-08-10,9,Mahatma Gandhi Road,175,6,1,1,110.0,316.0,120.33333333333333,65.0,0.7071067811865476,-0.7071067811865475,-0.7818314824680299,0.6234898018587334
2025-08-10,10,Mahatma Gandhi Road,287,6,1,1,175.0,298.0,190.66666666666666,112.0,0.49999999999999994,-0.8660254037844387,-0.7818314824680299,0.6234898018587334
2025-08-10,11,Mahatma Gandhi Road,290,6,1,0,287.0,593.0,250.66666666666666,3.0,0.258819045102521,-0.9659258262890682,-0.7818314824680299,0.6234898018587334
2025-08-10,12,Mahatma Gandhi Road,522,6,1,0,290.0,899.0,366.3333333333333,232.0,1.2246467991473532e-16,-1.0,-0.7818314824680299,0.6234898018587334
2025-08-10,13,Mahatma Gandhi Road,756,6,1,0,522.0,1083.0,522.6666666666666,234.0,-0.2588190451025208,-0.9659258262890683,-0.7818314824680299,0.6234898018587334
2025-08-10,14,Mahatma Gandhi Road,1121,6,1,0,756.0,1035.0,799.6666666666666,365.0,-0.4999999999999997,-0.8660254037844388,-0.7818314824680299,0.6234898018587334
2025-08-10,15,Mahatma Gandhi Road,1209,6,1,0,1121.0,1339.0,1028.6666666666667,88.0,-0.7071067811865471,-0.7071067811865479,-0.7818314824680299,0.6234898018587334
2025-08-10,16,Mahatma Gandhi Road,1358,6,1,0,1209.0,1744.0,1229.3333333333333,149.0,-0.8660254037844385,-0.5000000000000004,-0.7818314824680299,0.6234898018587334
2025-08-10,17,Mahatma Gandhi Road,1712,6,1,1,1358.0,2057.0,1426.3333333333333,354.0,-0.9659258262890683,-0.25881904510252063,-0.7818314824680299,0.6234898018587334
2025-08-10,18,Mahatma Gandhi Road,1654,6,1,1,1712.0,2351.0,1574.6666666666667,-58.0,-1.0,-1.8369701987210297e-16,-0.7818314824680299,0.6234898018587334
2025-08-10,19,Mahatma Gandhi Road,1843,6,1,1,1654.0,2351.0,1736.3333333333333,189.0,-0.9659258262890684,0.2588190451025203,-0.7818314824680299,0.6234898018587334
2025-08-10,20,Mahatma Gandhi Road,1882,6,1,1,1843.0,2063.0,1793.0,39.0,-0.8660254037844386,0.5000000000000001,-0.7818314824680299,0.6234898018587334
2025-08-10,21,Mahatma Gandhi Road,1621,6,1,0,1882.0,1504.0,1782.0,-261.0,-0.7071067811865477,0.7071067811865474,-0.7818314824680299,0.6234898018587334
2025-08-10,22,Mahatma Gandhi Road,1147,6,1,0,1621.0,1330.0,1550.0,-474.0,-0.5000000000000004,0.8660254037844384,-0.7818314824680299,0.6234898018587334
2025-08-10,23,Mahatma Gandhi Road,378,6,1,0,1147.0,398.0,1048.6666666666667,-769.0,-0.25881904510252157,0.9659258262890681,-0.7818314824680299,0.6234898018587334
2025-08-11,0,Mahatma Gandhi Road,0,0,0,0,378.0,0.0,508.3333333333333,-378.0,0.0,1.0,0.0,1.0
2025-08-11,1,Mahatma Gandhi Road,0,0,0,0,0.0,0.0,126.0,0.0,0.25881904510252074,0.9659258262890683,0.0,1.0
2025-08-11,2,Mahatma Gandhi Road,0,0,0,0,0.0,0.0,0.0,0.0,0.49999999999999994,0.8660254037844387,0.0,1.0
2025-08-11,3,Mahatma Gandhi Road,0,0,0,0,0.0,0.0,0.0,0.0,0.7071067811865476,0.7071067811865476,0.0,1.0
2025-08-11,4,Mahatma Gandhi Road,11,0,0,0,0.0,0.0,3.6666666666666665,11.0,0.8660254037844386,0.5000000000000001,0.0,1.0
2025-08-11,5,Mahatma Gandhi Road,18,0,0,0,11.0,0.0,9.666666666666666,7.0,0.9659258262890683,0.25881904510252074,0.0,1.0
2025-08-11,6,Mahatma Gandhi Road,57,0,0,0,18.0,13.0,28.666666666666668,39.0,1.0,6.123233995736766e-17,0.0,1.0
2025-08-11,7,Mahatma Gandhi Road,196,0,0,1,57.0,76.0,90.33333333333333,139.0,0.9659258262890683,-0.25881904510252063,0.0,1.0
2025-08-11,8,Mahatma Gandhi Road,412,0,0,1,196.0,110.0,221.66666666666666,216.0,0.8660254037844387,-0.4999999999999998,0.0,1.0
2025-08-11,9,Mahatma Gandhi Road,408,0,0,1,412.0,175.0,338.6666666666667,-4.0,0.7071067811865476,-0.7071067811865475,0.0,1.0
2025-08-11,10,Mahatma Gandhi Road,379,0,0,1,408.0,287.0,399.6666666666667,-29.0,0.49999999999999994,-0.8660254037844387,0.0,1.0
2025-08-11,11,Mahatma Gandhi Road,748,0,0,0,379.0,290.0,511.6666666666667,369.0,0.258819045102521,-0.9659258262890682,0.0,1.0
2025-08-11,12,Mahatma Gandhi Road,1061,0,0,0,748.0,522.0,729.3333333333334,313.0,1.2246467991473532e-16,-1.0,0.0,1.0
2025-08-11,13,Mahatma Gandhi Road,786,0,0,0,1061.0,756.0,865.0,-275.0,-0.2588190451025208,-0.9659258262890683,0.0,1.0
2025-08-11,14,Mahatma Gandhi Road,905,0,0,0,786.0,1121.0,917.3333333333334,119.0,-0.4999999999999997,-0.8660254037844388,0.0,1.0
2025-08-11,15,Mahatma Gandhi Road,1273,0,0,0,905.0,1209.0,988.0,368.0,-0.7071067811865471,-0.7071067811865479,0.0,1.0
2025-08-11,16,Mahatma Gandhi Road,2146,0,0,0,1273.0,1358.0,1441.3333333333333,873.0,-0.8660254037844385,-0.5000000000000004,0.0,1.0
2025-08-11,17,Mahatma Gandhi Road,2403,0,0,1,2146.0,1712.0,1940.6666666666667,257.0,-0.9659258262890683,-0.25881904510252063,0.0,1.0
2025-08-11,18,Mahatma Gandhi Road,3749,0,0,1,2403.0,1654.0,2766.0,1346.0,-1.0,-1.8369701987210297e-16,0.0,1.0
2025-08-11,19,Mahatma Gandhi Road,3225,0,0,1,3749.0,1843.0,3125.6666666666665,-524.0,-0.9659258262890684,0.2588190451025203,0.0,1.0
2025-08-11,20,Mahatma Gandhi Road,1923,0,0,1,3225.0,1882.0,2965.6666666666665,-1302.0,-0.8660254037844386,0.5000000000000001,0.0,1.0
2025-08-11,21,Mahatma Gandhi Road,979,0,0,0,1923.0,1621.0,2042.3333333333333,-944.0,-0.7071067811865477,0.7071067811865474,0.0,1.0
2025-08-11,22,Mahatma Gandhi Road,600,0,0,0,979.0,1147.0,1167.3333333333333,-379.0,-0.5000000000000004,0.8660254037844384,0.0,1.0
2025-08-11,23,Mahatma Gandhi Road,123,0,0,0,600.0,378.0,567.3333333333334,-477.0,-0.25881904510252157,0.9659258262890681,0.0,1.0
2025-08-12,0,Mahatma Gandhi Road,0,1,0,0,123.0,0.0,241.0,-123.0,0.0,1.0,0.7818314824680298,0.6234898018587336
2025-08-12,1,Mahatma Gandhi Road,0,1,0,0,0.0,0.0,41.0,0.0,0.25881904510252074,0.9659258262890683,0.7818314824680298,0.6234898018587336
2025-08-12,2,Mahatma Gandhi Road,0,1,0,0,0.0,0.0,0.0,0.0,0.49999999999999994,0.8660254037844387,0.7818314824680298,0.6234898018587336
2025-08-12,3,Mahatma Gandhi Road,0,1,0,0,0.0,0.0,0.0,0.0,0.7071067811865476,0.7071067811865476,0.7818314824680298,0.6234898018587336
2025-08-12,4,Mahatma Gandhi Road,3,1,0,0,0.0,11.0,1.0,3.0,0.8660254037844386,0.5000000000000001,0.7818314824680298,0.6234898018587336
2025-08-12,5,Mahatma Gandhi Road,14,1,0,0,3.0,18.0,5.666666666666667,11.0,0.9659258262890683,0.25881904510252074,0.7818314824680298,0.6234898018587336
2025-08-12,6,Mahatma Gandhi Road,65,1,0,0,14.0,57.0,27.333333333333332,51.0,1.0,6.123233995736766e-17,0.7818314824680298,0.6234898018587336
2025-08-12,7,Mahatma Gandhi Road,147,1,0,1,65.0,196.0,75.33333333333333,82.0,0.9659258262890683,-0.25881904510252063,0.7818314824680298,0.6234898018587336
2025-08-12,8,Mahatma Gandhi Road,394,1,0,1,147.0,412.0,202.0,247.0,0.8660254037844387,-0.4999999999999998,0.7818314824680298,0.6234898018587336
2025-08-12,9,Mahatma Gandhi Road,497,1,0,1,394.0,408.0,346.0,103.0,0.7071067811865476,-0.7071067811865475,0.7818314824680298,0.6234898018587336
2025-08-12,10,Mahatma Gandhi Road,669,1,0,1,497.0,379.0,520.0,172.0,0.49999999999999994,-0.8660254037844387,0.7818314824680298,0.6234898018587336
2025-08-12,11,Mahatma Gandhi Road,777,1,0,0,669.0,748.0,647.6666666666666,108.0,0.258819045102521,-0.9659258262890682,0.7818314824680298,0.6234898018587336
2025-08-12,12,Mahatma Gandhi Road,815,1,0,0,777.0,1061.0,753.6666666666666,38.0,1.2246467991473532e-16,-1.0,0.7818314824680298,0.6234898018587336
2025-08-12,13,Mahatma Gandhi Road,862,1,0,0,815.0,786.0,818.0,47.0,-0.2588190451025208,-0.9659258262890683,0.7818314824680298,0.6234898018587336
2025-08-12,14,Mahatma Gandhi Road,1140,1,0,0,862.0,905.0,939.0,278.0,-0.4999999999999997,-0.8660254037844388,0.7818314824680298,0.6234898018587336
2025-08-12,15,Mahatma Gandhi Road,1370,1,0,0,1140.0,1273.0,1124.0,230.0,-0.7071067811865471,-0.7071067811865479,0.7818314824680298,0.6234898018587336
2025-08-12,16,Mahatma Gandhi Road,1784,1,0,0,1370.0,2146.0,1431.3333333333333,414.0,-0.8660254037844385,-0.5000000000000004,0.7818314824680298,0.6234898018587336
2025-08-12,17,Mahatma Gandhi Road,2453,1,0,1,1784.0,2403.0,1869.0,669.0,-0.9659258262890683,-0.25881904510252063,0.7818314824680298,0.6234898018587336
2025-08-12,18,Mahatma Gandhi Road,3962,1,0,1,2453.0,3749.0,2733.0,1509.0,-1.0,-1.8369701987210297e-16,0.7818314824680298,0.6234898018587336
2025-08-12,19,Mahatma Gandhi Road,3274,1,0,1,3962.0,3225.0,3229.6666666666665,-688.0,-0.9659258262890684,0.2588190451025203,0.7818314824680298,0.6234898018587336
2025-08-12,20,Mahatma Gandhi Road,1935,1,0,1,3274.0,1923.0,3057.0,-1339.0,-0.8660254037844386,0.5000000000000001,0.7818314824680298,0.6234898018587336
2025-08-12,21,Mahatma Gandhi Road,962,1,0,0,1935.0,979.0,2057.0,-973.0,-0.7071067811865477,0.7071067811865474,0.7818314824680298,0.6234898018587336
2025-08-12,22,Mahatma Gandhi Road,705,1,0,0,962.0,600.0,1200.6666666666667,-257.0,-0.5000000000000004,0.8660254037844384,0.7818314824680298,0.6234898018587336
2025-08-12,23,Mahatma Gandhi Road,151,1,0,0,705.0,123.0,606.0,-554.0,-0.25881904510252157,0.9659258262890681,0.7818314824680298,0.6234898018587336
2025-08-13,0,Mahatma Gandhi Road,0,2,0,0,151.0,0.0,285.3333333333333,-151.0,0.0,1.0,0.9749279121818236,-0.22252093395631434
2025-08-13,1,Mahatma Gandhi Road,0,2,0,0,0.0,0.0,50.333333333333336,0.0,0.25881904510252074,0.9659258262890683,0.9749279121818236,-0.22252093395631434
2025-08-13,2,Mahatma Gandhi Road,0,2,0,0,0.0,0.0,0.0,0.0,0.49999999999999994,0.8660254037844387,0.9749279121818236,-0.22252093395631434
2025-08-13,3,Mahatma Gandhi Road,0,2,0,0,0.0,0.0,0.0,0.0,0.7071067811865476,0.7071067811865476,0.9749279121818236,-0.22252093395631434
2025-08-13,4,Mahatma Gandhi Road,0,2,0,0,0.0,3.0,0.0,0.0,0.8660254037844386,0.5000000000000001,0.9749279121818236,-0.22252093395631434
2025-08-13,5,Mahatma Gandhi Road,16,2,0,0,0.0,14.0,5.333333333333333,16.0,0.9659258262890683,0.25881904510252074,0.9749279121818236,-0.22252093395631434
2025-08-13,6,Mahatma Gandhi Road,69,2,0,0,16.0,65.0,28.333333333333332,53.0,1.0,6.123233995736766e-17,0.9749279121818236,-0.22252093395631434
2025-08-13,7,Mahatma Gandhi Road,149,2,0,1,69.0,147.0,78.0,80.0,0.9659258262890683,-0.25881904510252063,0.9749279121818236,-0.22252093395631434
2025-08-13,8,Mahatma Gandhi Road,373,2,0,1,149.0,394.0,197.0,224.0,0.8660254037844387,-0.4999999999999998,0.9749279121818236,-0.22252093395631434
2025-08-13,9,Mahatma Gandhi Road,512,2,0,1,373.0,497.0,344.6666666666667,139.0,0.7071067811865476,-0.7071067811865475,0.9749279121818236,-0.22252093395631434
2025-08-13,10,Mahatma Gandhi Road,708,2,0,1,512.0,669.0,531.0,196.0,0.49999999999999994,-0.8660254037844387,0.9749279121818236,-0.22252093395631434
2025-08-13,11,Mahatma Gandhi Road,641,2,0,0,708.0,777.0,620.3333333333334,-67.0,0.258819045102521,-0.9659258262890682,0.9749279121818236,-0.22252093395631434
2025-08-13,12,Mahatma Gandhi Road,825,2,0,0,641.0,815.0,724.6666666666666,184.0,1.2246467991473532e-16,-1.0,0.9749279121818236,-0.22252093395631434
2025-08-13,13,Mahatma Gandhi Road,870,2,0,0,825.0,862.0,778.6666666666666,45.0,-0.2588190451025208,-0.9659258262890683,0.9749279121818236,-0.22252093395631434
2025-08-13,14,Mahatma Gandhi Road,938,2,0,0,870.0,1140.0,877.6666666666666,68.0,-0.4999999999999997,-0.8660254037844388,0.9749279121818236,-0.22252093395631434
2025-08-13,15,Mahatma Gandhi Road,1482,2,0,0,938.0,1370.0,1096.6666666666667,544.0,-0.7071067811865471,-0.7071067811865479,0.9749279121818236,-0.22252093395631434
2025-08-13,16,Mahatma Gandhi Road,2195,2,0,0,1482.0,1784.0,1538.3333333333333,713.0,-0.8660254037844385,-0.5000000000000004,0.9749279121818236,-0.22252093395631434
2025-08-13,17,Mahatma Gandhi Road,2571,2,0,1,2195.0,2453.0,2082.6666666666665,376.0,-0.9659258262890683,-0.25881904510252063,0.9749279121818236,-0.22252093395631434
2025-08-13,18,Mahatma Gandhi Road,3663,2,0,1,2571.0,3962.0,2809.6666666666665,1092.0,-1.0,-1.8369701987210297e-16,0.9749279121818236,-0.22252093395631434
2025-08-13,19,Mahatma Gandhi Road,3721,2,0,1,3663.0,3274.0,3318.3333333333335,58.0,-0.9659258262890684,0.2588190451025203,0.9749279121818236,-0.22252093395631434
2025-08-13,20,Mahatma Gandhi Road,2060,2,0,1,3721.0,1935.0,3148.0,-1661.0,-0.8660254037844386,0.5000000000000001,0.9749279121818236,-0.22252093395631434
2025-08-13,21,Mahatma Gandhi Road,1144,2,0,0,2060.0,962.0,2308.3333333333335,-916.0,-0.7071067811865477,0.7071067811865474,0.9749279121818236,-0.22252093395631434
2025-08-13,22,Mahatma Gandhi Road,810,2,0,0,1144.0,705.0,1338.0,-334.0,-0.5000000000000004,0.8660254037844384,0.9749279121818236,-0.22252093395631434
2025-08-13,23,Mahatma Gandhi Road,194,2,0,0,810.0,151.0,716.0,-616.0,-0.25881904510252157,0.9659258262890681,0.9749279121818236,-0.22252093395631434
2025-08-14,0,Mahatma Gandhi Road,0,3,0,0,194.0,0.0,334.6666666666667,-194.0,0.0,1.0,0.43388373911755823,-0.900968867902419
2025-08-14,1,Mahatma Gandhi Road,0,3,0,0,0.0,0.0,64.66666666666667,0.0,0.25881904510252074,0.9659258262890683,0.43388373911755823,-0.900968867902419
2025-08-14,2,Mahatma Gandhi Road,0,3,0,0,0.0,0.0,0.0,0.0,0.49999999999999994,0.8660254037844387,0.43388373911755823,-0.900968867902419
2025-08-14,3,Mahatma Gandhi Road,0,3,0,0,0.0,0.0,0.0,0.0,0.7071067811865476,0.7071067811865476,0.43388373911755823,-0.900968867902419
2025-08-14,4,Mahatma Gandhi Road,0,3,0,0,0.0,0.0,0.0,0.0,0.8660254037844386,0.5000000000000001,0.43388373911755823,-0.900968867902419
2025-08-14,5,Mahatma Gandhi Road,20,3,0,0,0.0,16.0,6.666666666666667,20.0,0.9659258262890683,0.25881904510252074,0.43388373911755823,-0.900968867902419
2025-08-14,6,Mahatma Gandhi Road,59,3,0,0,20.0,69.0,26.333333333333332,39.0,1.0,6.123233995736766e-17,0.43388373911755823,-0.900968867902419
2025-08-14,7,Mahatma Gandhi Road,128,3,0,1,59.0,149.0,69.0,69.0,0.9659258262890683,-0.25881904510252063,0.43388373911755823,-0.900968867902419
2025-08-14,8,Mahatma Gandhi Road,345,3,0,1,128.0,373.0,177.33333333333334,217.0,0.8660254037844387,-0.4999999999999998,0.43388373911755823,-0.900968867902419
2025-08-14,9,Mahatma Gandhi Road,460,3,0,1,345.0,512.0,311.0,115.0,0.7071067811865476,-0.7071067811865475,0.43388373911755823,-0.900968867902419
2025-08-14,10,Mahatma Gandhi Road,374,3,0,1,460.0,708.0,393.0,-86.0,0.49999999999999994,-0.8660254037844387,0.43388373911755823,-0.900968867902419
2025-08-14,11,Mahatma Gandhi Road,635,3,0,0,374.0,641.0,489.6666666666667,261.0,0.258819045102521,-0.9659258262890682,0.43388373911755823,-0.900968867902419
2025-08-14,12,Mahatma Gandhi Road,1009,3,0,0,635.0,825.0,672.6666666666666,374.0,1.2246467991473532e-16,-1.0,0.43388373911755823,-0.900968867902419
2025-08-14,13,Mahatma Gandhi Road,1142,3,0,0,1009.0,870.0,928.6666666666666,133.0,-0.2588190451025208,-0.9659258262890683,0.43388373911755823,-0.900968867902419
2025-08-14,14,Mahatma Gandhi Road,1376,3,0,0,1142.0,938.0,1175.6666666666667,234.0,-0.4999999999999997,-0.8660254037844388,0.43388373911755823,-0.900968867902419
2025-08-14,15,Mahatma Gandhi Road,1483,3,0,0,1376.0,1482.0,1333.6666666666667,107.0,-0.7071067811865471,-0.7071067811865479,0.43388373911755823,-0.900968867902419
2025-08-14,16,Mahatma Gandhi Road,1849,3,0,0,1483.0,2195.0,1569.3333333333333,366.0,-0.8660254037844385,-0.5000000000000004,0.43388373911755823,-0.900968867902419
2025-08-14,17,Mahatma Gandhi Road,2828,3,0,1,1849.0,2571.0,2053.3333333333335,979.0,-0.9659258262890683,-0.25881904510252063,0.43388373911755823,-0.900968867902419
2025-08-14,18,Mahatma Gandhi Road,3660,3,0,1,2828.0,3663.0,2779.0,832.0,-1.0,-1.8369701987210297e-16,0.43388373911755823,-0.900968867902419
2025-08-14,19,Mahatma Gandhi Road,3155,3,0,1,3660.0,3721.0,3214.3333333333335,-505.0,-0.9659258262890684,0.2588190451025203,0.43388373911755823,-0.900968867902419
2025-08-14,20,Mahatma Gandhi Road,2031,3,0,1,3155.0,2060.0,2948.6666666666665,-1124.0,-0.8660254037844386,0.5000000000000001,0.43388373911755823,-0.900968867902419
2025-08-14,21,Mahatma Gandhi Road,1370,3,0,0,2031.0,1144.0,2185.3333333333335,-661.0,-0.7071067811865477,0.7071067811865474,0.43388373911755823,-0.900968867902419
2025-08-14,22,Mahatma Gandhi Road,914,3,0,0,1370.0,810.0,1438.3333333333333,-456.0,-0.5000000000000004,0.8660254037844384,0.43388373911755823,-0.900968867902419
2025-08-14,23,Mahatma Gandhi Road,280,3,0,0,914.0,194.0,854.6666666666666,-634.0,-0.25881904510252157,0.9659258262890681,0.43388373911755823,-0.900968867902419
2025-08-02,0,"Nadaprabhu Kempegowda Station, Majestic",0,5,1,0,197.0,0.0,354.0,-197.0,0.0,1.0,-0.9749279121818236,-0.2225209339563146
2025-08-02,1,"Nadaprabhu Kempegowda Station, Majestic",0,5,1,0,0.0,0.0,65.66666666666667,0.0,0.25881904510252074,0.9659258262890683,-0.9749279121818236,-0.2225209339563146
2025-08-02,2,"Nadaprabhu Kempegowda Station, Majestic",0,5,1,0,0.0,0.0,0.0,0.0,0.49999999999999994,0.8660254037844387,-0.9749279121818236,-0.2225209339563146
2025-08-02,3,"Nadaprabhu Kempegowda Station, Majestic",0,5,1,0,0.0,0.0,0.0,0.0,0.7071067811865476,0.7071067811865476,-0.9749279121818236,-0.2225209339563146
2025-08-02,4,"Nadaprabhu Kempegowda Station, Majestic",193,5,1,0,0.0,205.0,64.33333333333333,193.0,0.8660254037844386,0.5000000000000001,-0.9749279121818236,-0.2225209339563146
2025-08-02,5,"Nadaprabhu Kempegowda Station, Majestic",544,5,1,0,193.0,625.0,245.66666666666666,351.0,0.9659258262890683,0.25881904510252074,-0.9749279121818236,-0.2225209339563146
2025-08-02,6,"Nadaprabhu Kempegowda Station, Majestic",1006,5,1,0,544.0,970.0,581.0,462.0,1.0,6.123233995736766e-17,-0.9749279121818236,-0.2225209339563146
2025-08-02,7,"Nadaprabhu Kempegowda Station, Majestic",1305,5,1,1,1006.0,1359.0,951.6666666666666,299.0,0.9659258262890683,-0.25881904510252063,-0.9749279121818236,-0.2225209339563146
2025-08-02,8,"Nadaprabhu Kempegowda Station, Majestic",1704,5,1,1,1305.0,1896.0,1338.3333333333333,399.0,0.8660254037844387,-0.4999999999999998,-0.9749279121818236,-0.2225209339563146
2025-08-02,9,"Nadaprabhu Kempegowda Station, Majestic",2040,5,1,1,1704.0,2094.0,1683.0,336.0,0.7071067811865476,-0.7071067811865475,-0.9749279121818236,-0.2225209339563146
2025-08-02,10,"Nadaprabhu Kempegowda Station, Majestic",1867,5,1,1,2040.0,1618.0,1870.3333333333333,-173.0,0.49999999999999994,-0.8660254037844387,-0.9749279121818236,-0.2225209339563146
2025-08-02,11,"Nadaprabhu Kempegowda Station, Majestic",1768,5,1,0,1867.0,1445.0,1891.6666666666667,-99.0,0.258819045102521,-0.9659258262890682,-0.9749279121818236,-0.2225209339563146
2025-08-02,12,"Nadaprabhu Kempegowda Station, Majestic",1746,5,1,0,1768.0,1298.0,1793.6666666666667,-22.0,1.2246467991473532e-16,-1.0,-0.9749279121818236,-0.2225209339563146
2025-08-02,13,"Nadaprabhu Kempegowda Station, Majestic",1977,5,1,0,1746.0,1513.0,1830.3333333333333,231.0,-0.2588190451025208,-0.9659258262890683,-0.9749279121818236,-0.2225209339563146
2025-08-02,14,"Nadaprabhu Kempegowda Station, Majestic",1953,5,1,0,1977.0,1457.0,1892.0,-24.0,-0.4999999999999997,-0.8660254037844388,-0.9749279121818236,-0.2225209339563146
2025-08-02,15,"Nadaprabhu Kempegowda Station, Majestic",1730,5,1,0,1953.0,1291.0,1886.6666666666667,-223.0,-0.7071067811865471,-0.7071067811865479,-0.9749279121818236,-0.2225209339563146
2025-08-02,16,"Nadaprabhu Kempegowda Station, Majestic",2074,5,1,0,1730.0,1683.0,1919.0,344.0,-0.8660254037844385,-0.5000000000000004,-0.9749279121818236,-0.2225209339563146
2025-08-02,17,"Nadaprabhu Kempegowda Station, Majestic",2337,5,1,1,2074.0,2031.0,2047.0,263.0,-0.9659258262890683,-0.25881904510252063,-0.9749279121818236,-0.2225209339563146
2025-08-02,18,"Nadaprabhu Kempegowda Station, Majestic",2628,5,1,1,2337.0,2284.0,2346.3333333333335,291.0,-1.0,-1.8369701987210297e-16,-0.9749279121818236,-0.2225209339563146
2025-08-02,19,"Nadaprabhu Kempegowda Station, Majestic",2591,5,1,1,2628.0,2436.0,2518.6666666666665,-37.0,-0.9659258262890684,0.2588190451025203,-0.9749279121818236,-0.2225209339563146
2025-08-02,20,"Nadaprabhu Kempegowda Station, Majestic",2196,5,1,1,2591.0,1983.0,2471.6666666666665,-395.0,-0.8660254037844386,0.5000000000000001,-0.9749279121818236,-0.2225209339563146
2025-08-02,21,"Nadaprabhu Kempegowda Station, Majestic",1836,5,1,0,2196.0,1400.0,2207.6666666666665,-360.0,-0.7071067811865477,0.7071067811865474,-0.9749279121818236,-0.2225209339563146
2025-08-02,22,"Nadaprabhu Kempegowda Station, Majestic",1259,5,1,0,1836.0,865.0,1763.6666666666667,-577.0,-0.5000000000000004,0.8660254037844384,-0.9749279121818236,-0.2225209339563146
2025-08-02,23,"Nadaprabhu Kempegowda Station, Majestic",243,5,1,0,1259.0,197.0,1112.6666666666667,-1016.0,-0.25881904510252157,0.9659258262890681,-0.9749279121818236,-0.2225209339563146
2025-08-03,0,"Nadaprabhu Kempegowda Station, Majestic",0,6,1,0,243.0,0.0,500.6666666666667,-243.0,0.0,1.0,-0.7818314824680299,0.6234898018587334
2025-08-03,1,"Nadaprabhu Kempegowda Station, Majestic",0,6,1,0,0.0,0.0,81.0,0.0,0.25881904510252074,0.9659258262890683,-0.7818314824680299,0.6234898018587334
2025-08-03,2,"Nadaprabhu Kempegowda Station, Majestic",0,6,1,0,0.0,0.0,0.0,0.0,0.49999999999999994,0.8660254037844387,-0.7818314824680299,0.6234898018587334
2025-08-03,3,"Nadaprabhu Kempegowda Station, Majestic",0,6,1,0,0.0,0.0,0.0,0.0,0.7071067811865476,0.7071067811865476,-0.7818314824680299,0.6234898018587334
2025-08-03,4,"Nadaprabhu Kempegowda Station, Majestic",0,6,1,0,0.0,193.0,0.0,0.0,0.8660254037844386,0.5000000000000001,-0.7818314824680299,0.6234898018587334
2025-08-03,5,"Nadaprabhu Kempegowda Station, Majestic",1,6,1,0,0.0,544.0,0.3333333333333333,1.0,0.9659258262890683,0.25881904510252074,-0.7818314824680299,0.6234898018587334
2025-08-03,6,"Nadaprabhu Kempegowda Station, Majestic",699,6,1,0,1.0,1006.0,233.33333333333334,698.0,1.0,6.123233995736766e-17,-0.7818314824680299,0.6234898018587334
2025-08-03,7,"Nadaprabhu Kempegowda Station, Majestic",1628,6,1,1,699.0,1305.0,776.0,929.0,0.9659258262890683,-0.25881904510252063,-0.7818314824680299,0.6234898018587334
2025-08-03,8,"Nadaprabhu Kempegowda Station, Majestic",1546,6,1,1,1628.0,1704.0,1291.0,-82.0,0.8660254037844387,-0.4999999999999998,-0.7818314824680299,0.6234898018587334
2025-08-03,9,"Nadaprabhu Kempegowda Station, Majestic",1929,6,1,1,1546.0,2040.0,1701.0,383.0,0.7071067811865476,-0.7071067811865475,-0.7818314824680299,0.6234898018587334
2025-08-03,10,"Nadaprabhu Kempegowda Station, Majestic",2502,6,1,1,1929.0,1867.0,1992.3333333333333,573.0,0.49999999999999994,-0.8660254037844387,-0.7818314824680299,0.6234898018587334
2025-08-03,11,"Nadaprabhu Kempegowda Station, Majestic",2466,6,1,0,2502.0,1768.0,2299.0,-36.0,0.258819045102521,-0.9659258262890682,-0.7818314824680299,0.6234898018587334
2025-08-03,12,"Nadaprabhu Kempegowda Station, Majestic",2479,6,1,0,2466.0,1746.0,2482.3333333333335,13.0,1.2246467991473532e-16,-1.0,-0.7818314824680299,0.6234898018587334
2025-08-03,13,"Nadaprabhu Kempegowda Station, Majestic",2491,6,1,0,2479.0,1977.0,2478.6666666666665,12.0,-0.2588190451025208,-0.9659258262890683,-0.7818314824680299,0.6234898018587334
2025-08-03,14,"Nadaprabhu Kempegowda Station, Majestic",2567,6,1,0,2491.0,1953.0,2512.3333333333335,76.0,-0.4999999999999997,-0.8660254037844388,-0.7818314824680299,0.6234898018587334
2025-08-03,15,"Nadaprabhu Kempegowda Station, Majestic",2551,6,1,0,2567.0,1730.0,2536.3333333333335,-16.0,-0.7071067811865471,-0.7071067811865479,-0.7818314824680299,0.6234898018587334
2025-08-03,16,"Nadaprabhu Kempegowda Station, Majestic",2649,6,1,0,2551.0,2074.0,2589.0,98.0,-0.8660254037844385,-0.5000000000000004,-0.7818314824680299,0.6234898018587334
2025-08-03,17,"Nadaprabhu Kempegowda Station, Majestic",2964,6,1,1,2649.0,2337.0,2721.3333333333335,315.0,-0.9659258262890683,-0.25881904510252063,-0.7818314824680299,0.6234898018587334
2025-08-03,18,"Nadaprabhu Kempegowda Station, Majestic",2567,6,1,1,2964.0,2628.0,2726.6666666666665,-397.0,-1.0,-1.8369701987210297e-16,-0.7818314824680299,0.6234898018587334
2025-08-03,19,"Nadaprabhu Kempegowda Station, Majestic",2352,6,1,1,2567.0,2591.0,2627.6666666666665,-215.0,-0.9659258262890684,0.2588190451025203,-0.7818314824680299,0.6234898018587334
2025-08-03,20,"Nadaprabhu Kempegowda Station, Majestic",2006,6,1,1,2352.0,2196.0,2308.3333333333335,-346.0,-0.8660254037844386,0.5000000000000001,-0.7818314824680299,0.6234898018587334
2025-08-03,21,"Nadaprabhu Kempegowda Station, Majestic",1650,6,1,0,2006.0,1836.0,2002.6666666666667,-356.0,-0.7071067811865477,0.7071067811865474,-0.7818314824680299,0.6234898018587334
2025-08-03,22,"Nadaprabhu Kempegowda Station, Majestic",1329,6,1,0,1650.0,1259.0,1661.6666666666667,-321.0,-0.5000000000000004,0.8660254037844384,-0.7818314824680299,0.6234898018587334
2025-08-03,23,"Nadaprabhu Kempegowda Station, Majestic",288,6,1,0,1329.0,243.0,1089.0,-1041.0,-0.25881904510252157,0.9659258262890681,-0.7818314824680299,0.6234898018587334
2025-08-04,0,"Nadaprabhu Kempegowda Station, Majestic",0,0,0,0,288.0,0.0,539.0,-288.0,0.0,1.0,0.0,1.0
2025-08-04,1,"Nadaprabhu Kempegowda Station, Majestic",0,0,0,0,0.0,0.0,96.0,0.0,0.25881904510252074,0.9659258262890683,0.0,1.0
2025-08-04,2,"Nadaprabhu Kempegowda Station, Majestic",0,0,0,0,0.0,0.0,0.0,0.0,0.49999999999999994,0.8660254037844387,0.0,1.0
2025-08-04,3,"Nadaprabhu Kempegowda Station, Majestic",85,0,0,0,0.0,0.0,28.333333333333332,85.0,0.7071067811865476,0.7071067811865476,0.0,1.0
2025-08-04,4,"Nadaprabhu Kempegowda Station, Majestic",785,0,0,0,85.0,0.0,290.0,700.0,0.8660254037844386,0.5000000000000001,0.0,1.0
2025-08-04,5,"Nadaprabhu Kempegowda Station, Majestic",1366,0,0,0,785.0,1.0,745.3333333333334,581.0,0.9659258262890683,0.25881904510252074,0.0,1.0
2025-08-04,6,"Nadaprabhu Kempegowda Station, Majestic",1911,0,0,0,1366.0,699.0,1354.0,545.0,1.0,6.123233995736766e-17,0.0,1.0
2025-08-04,7,"Nadaprabhu Kempegowda Station, Majestic",1979,0,0,1,1911.0,1628.0,1752.0,68.0,0.9659258262890683,-0.25881904510252063,0.0,1.0
2025-08-04,8,"Nadaprabhu Kempegowda Station, Majestic",2607,0,0,1,1979.0,1546.0,2165.6666666666665,628.0,0.8660254037844387,-0.4999999999999998,0.0,1.0
2025-08-04,9,"Nadaprabhu Kempegowda Station, Majestic",2749,0,0,1,2607.0,1929.0,2445.0,142.0,0.7071067811865476,-0.7071067811865475,0.0,1.0
2025-08-04,10,"Nadaprabhu Kempegowda Station, Majestic",2069,0,0,1,2749.0,2502.0,2475.0,-680.0,0.49999999999999994,-0.8660254037844387,0.0,1.0
2025-08-04,11,"Nadaprabhu Kempegowda Station, Majestic",1848,0,0,0,2069.0,2466.0,2222.0,-221.0,0.258819045102521,-0.9659258262890682,0.0,1.0
2025-08-04,12,"Nadaprabhu Kempegowda Station, Majestic",1694,0,0,0,1848.0,2479.0,1870.3333333333333,-154.0,1.2246467991473532e-16,-1.0,0.0,1.0
2025-08-04,13,"Nadaprabhu Kempegowda Station, Majestic",1561,0,0,0,1694.0,2491.0,1701.0,-133.0,-0.2588190451025208,-0.9659258262890683,0.0,1.0
2025-08-04,14,"Nadaprabhu Kempegowda Station, Majestic",1564,0,0,0,1561.0,2567.0,1606.3333333333333,3.0,-0.4999999999999997,-0.8660254037844388,0.0,1.0
2025-08-04,15,"Nadaprabhu Kempegowda Station, Majestic",1457,0,0,0,1564.0,2551.0,1527.3333333333333,-107.0,-0.7071067811865471,-0.7071067811865479,0.0,1.0
2025-08-04,16,"Nadaprabhu Kempegowda Station, Majestic",1871,0,0,0,1457.0,2649.0,1630.6666666666667,414.0,-0.8660254037844385,-0.5000000000000004,0.0,1.0
2025-08-04,17,"Nadaprabhu Kempegowda Station, Majestic",2299,0,0,1,1871.0,2964.0,1875.6666666666667,428.0,-0.9659258262890683,-0.25881904510252063,0.0,1.0
2025-08-04,18,"Nadaprabhu Kempegowda Station, Majestic",2475,0,0,1,2299.0,2567.0,2215.0,176.0,-1.0,-1.8369701987210297e-16,0.0,1.0
2025-08-04,19,"Nadaprabhu Kempegowda Station, Majestic",2638,0,0,1,2475.0,2352.0,2470.6666666666665,163.0,-0.9659258262890684,0.2588190451025203,0.0,1.0
2025-08-04,20,"Nadaprabhu Kempegowda Station, Majestic",2074,0,0,1,2638.0,2006.0,2395.6666666666665,-564.0,-0.8660254037844386,0.5000000000000001,0.0,1.0
2025-08-04,21,"Nadaprabhu Kempegowda Station, Majestic",1515,0,0,0,2074.0,1650.0,2075.6666666666665,-559.0,-0.7071067811865477,0.7071067811865474,0.0,1.0
2025-08-04,22,"Nadaprabhu Kempegowda Station, Majestic",870,0,0,0,1515.0,1329.0,1486.3333333333333,-645.0,-0.5000000000000004,0.8660254037844384,0.0,1.0
2025-08-04,23,"Nadaprabhu Kempegowda Station, Majestic",305,0,0,0,870.0,288.0,896.6666666666666,-565.0,-0.25881904510252157,0.9659258262890681,0.0,1.0
2025-08-05,0,"Nadaprabhu Kempegowda Station, Majestic",0,1,0,0,305.0,0.0,391.6666666666667,-305.0,0.0,1.0,0.7818314824680298,0.6234898018587336
2025-08-05,1,"Nadaprabhu Kempegowda Station, Majestic",0,1,0,0,0.0,0.0,101.66666666666667,0.0,0.25881904510252074,0.9659258262890683,0.7818314824680298,0.6234898018587336
2025-08-05,2,"Nadaprabhu Kempegowda Station, Majestic",0,1,0,0,0.0,0.0,0.0,0.0,0.49999999999999994,0.8660254037844387,0.7818314824680298,0.6234898018587336
2025-08-05,3,"Nadaprabhu Kempegowda Station, Majestic",0,1,0,0,0.0,85.0,0.0,0.0,0.7071067811865476,0.7071067811865476,0.7818314824680298,0.6234898018587336
2025-08-05,4,"Nadaprabhu Kempegowda Station, Majestic",234,1,0,0,0.0,785.0,78.0,234.0,0.8660254037844386,0.5000000000000001,0.7818314824680298,0.6234898018587336
2025-08-05,5,"Nadaprabhu Kempegowda Station, Majestic",947,1,0,0,234.0,1366.0,393.6666666666667,713.0,0.9659258262890683,0.25881904510252074,0.7818314824680298,0.6234898018587336
2025-08-05,6,"Nadaprabhu Kempegowda Station, Majestic",1304,1,0,0,947.0,1911.0,828.3333333333334,357.0,1.0,6.123233995736766e-17,0.7818314824680298,0.6234898018587336
2025-08-05,7,"Nadaprabhu Kempegowda Station, Majestic",1561,1,0,1,1304.0,1979.0,1270.6666666666667,257.0,0.9659258262890683,-0.25881904510252063,0.7818314824680298,0.6234898018587336
2025-08-05,8,"Nadaprabhu Kempegowda Station, Majestic",1949,1,0,1,1561.0,2607.0,1604.6666666666667,388.0,0.8660254037844387,-0.4999999999999998,0.7818314824680298,0.6234898018587336
2025-08-05,9,"Nadaprabhu Kempegowda Station, Majestic",2285,1,0,1,1949.0,2749.0,1931.6666666666667,336.0,0.7071067811865476,-0.7071067811865475,0.7818314824680298,0.6234898018587336
2025-08-05,10,"Nadaprabhu Kempegowda Station, Majestic",1654,1,0,1,2285.0,2069.0,1962.6666666666667,-631.0,0.49999999999999994,-0.8660254037844387,0.7818314824680298,0.6234898018587336
2025-08-05,11,"Nadaprabhu Kempegowda Station, Majestic",1393,1,0,0,1654.0,1848.0,1777.3333333333333,-261.0,0.258819045102521,-0.9659258262890682,0.7818314824680298,0.6234898018587336
2025-08-05,12,"Nadaprabhu Kempegowda Station, Majestic",1219,1,0,0,1393.0,1694.0,1422.0,-174.0,1.2246467991473532e-16,-1.0,0.7818314824680298,0.6234898018587336
2025-08-05,13,"Nadaprabhu Kempegowda Station, Majestic",1260,1,0,0,1219.0,1561.0,1290.6666666666667,41.0,-0.2588190451025208,-0.9659258262890683,0.7818314824680298,0.6234898018587336
2025-08-05,14,"Nadaprabhu Kempegowda Station, Majestic",1362,1,0,0,1260.0,1564.0,1280.3333333333333,102.0,-0.4999999999999997,-0.8660254037844388,0.7818314824680298,0.6234898018587336
2025-08-05,15,"Nadaprabhu Kempegowda Station, Majestic",1266,1,0,0,1362.0,1457.0,1296.0,-96.0,-0.7071067811865471,-0.7071067811865479,0.7818314824680298,0.6234898018587336
2025-08-05,16,"Nadaprabhu Kempegowda Station, Majestic",1475,1,0,0,1266.0,1871.0,1367.6666666666667,209.0,-0.8660254037844385,-0.5000000000000004,0.7818314824680298,0.6234898018587336
2025-08-05,17,"Nadaprabhu Kempegowda Station, Majestic",1825,1,0,1,1475.0,2299.0,1522.0,350.0,-0.9659258262890683,-0.25881904510252063,0.7818314824680298,0.6234898018587336
2025-08-05,18,"Nadaprabhu Kempegowda Station, Majestic",2110,1,0,1,1825.0,2475.0,1803.3333333333333,285.0,-1.0,-1.8369701987210297e-16,0.7818314824680298,0.6234898018587336
2025-08-05,19,"Nadaprabhu Kempegowda Station, Majestic",2164,1,0,1,2110.0,2638.0,2033.0,54.0,-0.9659258262890684,0.2588190451025203,0.7818314824680298,0.6234898018587336
2025-08-05,20,"Nadaprabhu Kempegowda Station, Majestic",1642,1,0,1,2164.0,2074.0,1972.0,-522.0,-0.8660254037844386,0.5000000000000001,0.7818314824680298,0.6234898018587336
2025-08-05,21,"Nadaprabhu Kempegowda Station, Majestic",1221,1,0,0,1642.0,1515.0,1675.6666666666667,-421.0,-0.7071067811865477,0.7071067811865474,0.7818314824680298,0.6234898018587336
2025-08-05,22,"Nadaprabhu Kempegowda Station, Majestic",702,1,0,0,1221.0,870.0,1188.3333333333333,-519.0,-0.5000000000000004,0.8660254037844384,0.7818314824680298,0.6234898018587336
2025-08-05,23,"Nadaprabhu Kempegowda Station, Majestic",124,1,0,0,702.0,305.0,682.3333333333334,-578.0,-0.25881904510252157,0.9659258262890681,0.7818314824680298,0.6234898018587336
2025-08-06,0,"Nadaprabhu Kempegowda Station, Majestic",0,2,0,0,124.0,0.0,275.3333333333333,-124.0,0.0,1.0,0.9749279121818236,-0.22252093395631434
2025-08-06,1,"Nadaprabhu Kempegowda Station, Majestic",0,2,0,0,0.0,0.0,41.333333333333336,0.0,0.25881904510252074,0.9659258262890683,0.9749279121818236,-0.22252093395631434
2025-08-06,2,"Nadaprabhu Kempegowda Station, Majestic",0,2,0,0,0.0,0.0,0.0,0.0,0.49999999999999994,0.8660254037844387,0.9749279121818236,-0.22252093395631434
2025-08-06,3,"Nadaprabhu Kempegowda Station, Majestic",0,2,0,0,0.0,0.0,0.0,0.0,0.7071067811865476,0.7071067811865476,0.9749279121818236,-0.22252093395631434
2025-08-06,4,"Nadaprabhu Kempegowda Station, Majestic",176,2,0,0,0.0,234.0,58.666666666666664,176.0,0.8660254037844386,0.5000000000000001,0.9749279121818236,-0.22252093395631434
2025-08-06,5,"Nadaprabhu Kempegowda Station, Majestic",633,2,0,0,176.0,947.0,269.6666666666667,457.0,0.9659258262890683,0.25881904510252074,0.9749279121818236,-0.22252093395631434
2025-08-06,6,"Nadaprabhu Kempegowda Station, Majestic",949,2,0,0,633.0,1304.0,586.0,316.0,1.0,6.123233995736766e-17,0.9749279121818236,-0.22252093395631434
2025-08-06,7,"Nadaprabhu Kempegowda Station, Majestic",1463,2,0,1,949.0,1561.0,1015.0,514.0,0.9659258262890683,-0.25881904510252063,0.9749279121818236,-0.22252093395631434
2025-08-06,8,"Nadaprabhu Kempegowda Station, Majestic",2004,2,0,1,1463.0,1949.0,1472.0,541.0,0.8660254037844387,-0.4999999999999998,0.9749279121818236,-0.22252093395631434
2025-08-06,9,"Nadaprabhu Kempegowda Station, Majestic",2236,2,0,1,2004.0,2285.0,1901.0,232.0,0.7071067811865476,-0.7071067811865475,0.9749279121818236,-0.22252093395631434
2025-08-06,10,"Nadaprabhu Kempegowda Station, Majestic",1629,2,0,1,2236.0,1654.0,1956.3333333333333,-607.0,0.49999999999999994,-0.8660254037844387,0.9749279121818236,-0.22252093395631434
2025-08-06,11,"Nadaprabhu Kempegowda Station, Majestic",1511,2,0,0,1629.0,1393.0,1792.0,-118.0,0.258819045102521,-0.9659258262890682,0.9749279121818236,-0.22252093395631434
2025-08-06,12,"Nadaprabhu Kempegowda Station, Majestic",1553,2,0,0,1511.0,1219.0,1564.3333333333333,42.0,1.2246467991473532e-16,-1.0,0.9749279121818236,-0.22252093395631434
2025-08-06,13,"Nadaprabhu Kempegowda Station, Majestic",1528,2,0,0,1553.0,1260.0,1530.6666666666667,-25.0,-0.2588190451025208,-0.9659258262890683,0.9749279121818236,-0.22252093395631434
2025-08-06,14,"Nadaprabhu Kempegowda Station, Majestic",1675,2,0,0,1528.0,1362.0,1585.3333333333333,147.0,-0.4999999999999997,-0.8660254037844388,0.9749279121818236,-0.22252093395631434
2025-08-06,15,"Nadaprabhu Kempegowda Station, Majestic",1370,2,0,0,1675.0,1266.0,1524.3333333333333,-305.0,-0.7071067811865471,-0.7071067811865479,0.9749279121818236,-0.22252093395631434
2025-08-06,16,"Nadaprabhu Kempegowda Station, Majestic",1707,2,0,0,1370.0,1475.0,1584.0,337.0,-0.8660254037844385,-0.5000000000000004,0.9749279121818236,-0.22252093395631434
2025-08-06,17,"Nadaprabhu Kempegowda Station, Majestic",2063,2,0,1,1707.0,1825.0,1713.3333333333333,356.0,-0.9659258262890683,-0.25881904510252063,0.9749279121818236,-0.22252093395631434
2025-08-06,18,"Nadaprabhu Kempegowda Station, Majestic",2350,2,0,1,2063.0,2110.0,2040.0,287.0,-1.0,-1.8369701987210297e-16,0.9749279121818236,-0.22252093395631434
2025-08-06,19,"Nadaprabhu Kempegowda Station, Majestic",2504,2,0,1,2350.0,2164.0,2305.6666666666665,154.0,-0.9659258262890684,0.2588190451025203,0.9749279121818236,-0.22252093395631434
2025-08-06,20,"Nadaprabhu Kempegowda Station, Majestic",1924,2,0,1,2504.0,1642.0,2259.3333333333335,-580.0,-0.8660254037844386,0.5000000000000001,0.9749279121818236,-0.22252093395631434
2025-08-06,21,"Nadaprabhu Kempegowda Station, Majestic",1537,2,0,0,1924.0,1221.0,1988.3333333333333,-387.0,-0.7071067811865477,0.7071067811865474,0.9749279121818236,-0.22252093395631434
2025-08-06,22,"Nadaprabhu Kempegowda Station, Majestic",867,2,0,0,1537.0,702.0,1442.6666666666667,-670.0,-0.5000000000000004,0.8660254037844384,0.9749279121818236,-0.22252093395631434
2025-08-06,23,"Nadaprabhu Kempegowda Station, Majestic",182,2,0,0,867.0,124.0,862.0,-685.0,-0.25881904510252157,0.9659258262890681,0.9749279121818236,-0.22252093395631434
2025-08-07,0,"Nadaprabhu Kempegowda Station, Majestic",0,3,0,0,182.0,0.0,349.6666666666667,-182.0,0.0,1.0,0.43388373911755823,-0.900968867902419
2025-08-07,1,"Nadaprabhu Kempegowda Station, Majestic",0,3,0,0,0.0,0.0,60.666666666666664,0.0,0.25881904510252074,0.9659258262890683,0.43388373911755823,-0.900968867902419
2025-08-07,2,"Nadaprabhu Kempegowda Station, Majestic",0,3,0,0,0.0,0.0,0.0,0.0,0.49999999999999994,0.8660254037844387,0.43388373911755823,-0.900968867902419
2025-08-07,3,"Nadaprabhu Kempegowda Station, Majestic",0,3,0,0,0.0,0.0,0.0,0.0,0.7071067811865476,0.7071067811865476,0.43388373911755823,-0.900968867902419
2025-08-07,4,"Nadaprabhu Kempegowda Station, Majestic",152,3,0,0,0.0,176.0,50.666666666666664,152.0,0.8660254037844386,0.5000000000000001,0.43388373911755823,-0.900968867902419
2025-08-07,5,"Nadaprabhu Kempegowda Station, Majestic",623,3,0,0,152.0,633.0,258.3333333333333,471.0,0.9659258262890683,0.25881904510252074,0.43388373911755823,-0.900968867902419
2025-08-07,6,"Nadaprabhu Kempegowda Station, Majestic",943,3,0,0,623.0,949.0,572.6666666666666,320.0,1.0,6.123233995736766e-17,0.43388373911755823,-0.900968867902419
2025-08-07,7,"Nadaprabhu Kempegowda Station, Majestic",1444,3,0,1,943.0,1463.0,1003.3333333333334,501.0,0.9659258262890683,-0.25881904510252063,0.43388373911755823,-0.900968867902419
2025-08-07,8,"Nadaprabhu Kempegowda Station, Majestic",1891,3,0,1,1444.0,2004.0,1426.0,447.0,0.8660254037844387,-0.4999999999999998,0.43388373911755823,-0.900968867902419
2025-08-07,9,"Nadaprabhu Kempegowda Station, Majestic",2153,3,0,1,1891.0,2236.0,1829.3333333333333,262.0,0.7071067811865476,-0.7071067811865475,0.43388373911755823,-0.900968867902419
2025-08-07,10,"Nadaprabhu Kempegowda Station, Majestic",1738,3,0,1,2153.0,1629.0,1927.3333333333333,-415.0,0.49999999999999994,-0.8660254037844387,0.43388373911755823,-0.900968867902419
2025-08-07,11,"Nadaprabhu Kempegowda Station, Majestic",1458,3,0,0,1738.0,1511.0,1783.0,-280.0,0.258819045102521,-0.9659258262890682,0.43388373911755823,-0.900968867902419
2025-08-07,12,"Nadaprabhu Kempegowda Station, Majestic",1410,3,0,0,1458.0,1553.0,1535.3333333333333,-48.0,1.2246467991473532e-16,-1.0,0.43388373911755823,-0.900968867902419
2025-08-07,13,"Nadaprabhu Kempegowda Station, Majestic",1433,3,0,0,1410.0,1528.0,1433.6666666666667,23.0,-0.2588190451025208,-0.9659258262890683,0.43388373911755823,-0.900968867902419
2025-08-07,14,"Nadaprabhu Kempegowda Station, Majestic",1531,3,0,0,1433.0,1675.0,1458.0,98.0,-0.4999999999999997,-0.8660254037844388,0.43388373911755823,-0.900968867902419
2025-08-07,15,"Nadaprabhu Kempegowda Station, Majestic",1460,3,0,0,1531.0,1370.0,1474.6666666666667,-71.0,-0.7071067811865471,-0.7071067811865479,0.43388373911755823,-0.900968867902419
2025-08-07,16,"Nadaprabhu Kempegowda Station, Majestic",1697,3,0,0,1460.0,1707.0,1562.6666666666667,237.0,-0.8660254037844385,-0.5000000000000004,0.43388373911755823,-0.900968867902419
2025-08-07,17,"Nadaprabhu Kempegowda Station, Majestic",2016,3,0,1,1697.0,2063.0,1724.3333333333333,319.0,-0.9659258262890683,-0.25881904510252063,0.43388373911755823,-0.900968867902419
2025-08-07,18,"Nadaprabhu Kempegowda Station, Majestic",2291,3,0,1,2016.0,2350.0,2001.3333333333333,275.0,-1.0,-1.8369701987210297e-16,0.43388373911755823,-0.900968867902419
2025-08-07,19,"Nadaprabhu Kempegowda Station, Majestic",2349,3,0,1,2291.0,2504.0,2218.6666666666665,58.0,-0.9659258262890684,0.2588190451025203,0.43388373911755823,-0.900968867902419
2025-08-07,20,"Nadaprabhu Kempegowda Station, Majestic",2118,3,0,1,2349.0,1924.0,2252.6666666666665,-231.0,-0.8660254037844386,0.5000000000000001,0.43388373911755823,-0.900968867902419
2025-08-07,21,"Nadaprabhu Kempegowda Station, Majestic",1611,3,0,0,2118.0,1537.0,2026.0,-507.0,-0.7071067811865477,0.7071067811865474,0.43388373911755823,-0.900968867902419
2025-08-07,22,"Nadaprabhu Kempegowda Station, Majestic",971,3,0,0,1611.0,867.0,1566.6666666666667,-640.0,-0.5000000000000004,0.8660254037844384,0.43388373911755823,-0.900968867902419
2025-08-07,23,"Nadaprabhu Kempegowda Station, Majestic",223,3,0,0,971.0,182.0,935.0,-748.0,-0.25881904510252157,0.9659258262890681,0.43388373911755823,-0.900968867902419
2025-08-08,0,"Nadaprabhu Kempegowda Station, Majestic",0,4,0,0,223.0,0.0,398.0,-223.0,0.0,1.0,-0.433883739117558,-0.9009688679024191
2025-08-08,1,"Nadaprabhu Kempegowda Station, Majestic",0,4,0,0,0.0,0.0,74.33333333333333,0.0,0.25881904510252074,0.9659258262890683,-0.433883739117558,-0.9009688679024191
2025-08-08,2,"Nadaprabhu Kempegowda Station, Majestic",0,4,0,0,0.0,0.0,0.0,0.0,0.49999999999999994,0.8660254037844387,-0.433883739117558,-0.9009688679024191
2025-08-08,3,"Nadaprabhu Kempegowda Station, Majestic",0,4,0,0,0.0,0.0,0.0,0.0,0.7071067811865476,0.7071067811865476,-0.433883739117558,-0.9009688679024191
2025-08-08,4,"Nadaprabhu Kempegowda Station, Majestic",138,4,0,0,0.0,152.0,46.0,138.0,0.8660254037844386,0.5000000000000001,-0.433883739117558,-0.9009688679024191
2025-08-08,5,"Nadaprabhu Kempegowda Station, Majestic",580,4,0,0,138.0,623.0,239.33333333333334,442.0,0.9659258262890683,0.25881904510252074,-0.433883739117558,-0.9009688679024191
2025-08-08,6,"Nadaprabhu Kempegowda Station, Majestic",882,4,0,0,580.0,943.0,533.3333333333334,302.0,1.0,6.123233995736766e-17,-0.433883739117558,-0.9009688679024191
2025-08-08,7,"Nadaprabhu Kempegowda Station, Majestic",1095,4,0,1,882.0,1444.0,852.3333333333334,213.0,0.9659258262890683,-0.25881904510252063,-0.433883739117558,-0.9009688679024191
2025-08-08,8,"Nadaprabhu Kempegowda Station, Majestic",1440,4,0,1,1095.0,1891.0,1139.0,345.0,0.8660254037844387,-0.4999999999999998,-0.433883739117558,-0.9009688679024191
2025-08-08,9,"Nadaprabhu Kempegowda Station, Majestic",1781,4,0,1,1440.0,2153.0,1438.6666666666667,341.0,0.7071067811865476,-0.7071067811865475,-0.433883739117558,-0.9009688679024191
2025-08-08,10,"Nadaprabhu Kempegowda Station, Majestic",1722,4,0,1,1781.0,1738.0,1647.6666666666667,-59.0,0.49999999999999994,-0.8660254037844387,-0.433883739117558,-0.9009688679024191
2025-08-08,11,"Nadaprabhu Kempegowda Station, Majestic",1481,4,0,0,1722.0,1458.0,1661.3333333333333,-241.0,0.258819045102521,-0.9659258262890682,-0.433883739117558,-0.9009688679024191
2025-08-08,12,"Nadaprabhu Kempegowda Station, Majestic",1592,4,0,0,1481.0,1410.0,1598.3333333333333,111.0,1.2246467991473532e-16,-1.0,-0.433883739117558,-0.9009688679024191
2025-08-08,13,"Nadaprabhu Kempegowda Station, Majestic",1776,4,0,0,1592.0,1433.0,1616.3333333333333,184.0,-0.2588190451025208,-0.9659258262890683,-0.433883739117558,-0.9009688679024191
2025-08-08,14,"Nadaprabhu Kempegowda Station, Majestic",1625,4,0,0,1776.0,1531.0,1664.3333333333333,-151.0,-0.4999999999999997,-0.8660254037844388,-0.433883739117558,-0.9009688679024191
2025-08-08,15,"Nadaprabhu Kempegowda Station, Majestic",1343,4,0,0,1625.0,1460.0,1581.3333333333333,-282.0,-0.7071067811865471,-0.7071067811865479,-0.433883739117558,-0.9009688679024191
2025-08-08,16,"Nadaprabhu Kempegowda Station, Majestic",1638,4,0,0,1343.0,1697.0,1535.3333333333333,295.0,-0.8660254037844385,-0.5000000000000004,-0.433883739117558,-0.9009688679024191
2025-08-08,17,"Nadaprabhu Kempegowda Station, Majestic",1941,4,0,1,1638.0,2016.0,1640.6666666666667,303.0,-0.9659258262890683,-0.25881904510252063,-0.433883739117558,-0.9009688679024191
2025-08-08,18,"Nadaprabhu Kempegowda Station, Majestic",2095,4,0,1,1941.0,2291.0,1891.3333333333333,154.0,-1.0,-1.8369701987210297e-16,-0.433883739117558,-0.9009688679024191
2025-08-08,19,"Nadaprabhu Kempegowda Station, Majestic",1964,4,0,1,2095.0,2349.0,2000.0,-131.0,-0.9659258262890684,0.2588190451025203,-0.433883739117558,-0.9009688679024191
2025-08-08,20,"Nadaprabhu Kempegowda Station, Majestic",1618,4,0,1,1964.0,2118.0,1892.3333333333333,-346.0,-0.8660254037844386,0.5000000000000001,-0.433883739117558,-0.9009688679024191
2025-08-08,21,"Nadaprabhu Kempegowda Station, Majestic",1312,4,0,0,1618.0,1611.0,1631.3333333333333,-306.0,-0.7071067811865477,0.7071067811865474,-0.433883739117558,-0.9009688679024191
2025-08-08,22,"Nadaprabhu Kempegowda Station, Majestic",767,4,0,0,1312.0,971.0,1232.3333333333333,-545.0,-0.5000000000000004,0.8660254037844384,-0.433883739117558,-0.9009688679024191
2025-08-08,23,"Nadaprabhu Kempegowda Station, Majestic",164,4,0,0,767.0,223.0,747.6666666666666,-603.0,-0.25881904510252157,0.9659258262890681,-0.433883739117558,-0.9009688679024191
2025-08-09,0,"Nadaprabhu Kempegowda Station, Majestic",0,5,1,0,164.0,0.0,310.3333333333333,-164.0,0.0,1.0,-0.9749279121818236,-0.2225209339563146
2025-08-09,1,"Nadaprabhu Kempegowda Station, Majestic",0,5,1,0,0.0,0.0,54.666666666666664,0.0,0.25881904510252074,0.9659258262890683,-0.9749279121818236,-0.2225209339563146
2025-08-09,2,"Nadaprabhu Kempegowda Station, Majestic",0,5,1,0,0.0,0.0,0.0,0.0,0.49999999999999994,0.8660254037844387,-0.9749279121818236,-0.2225209339563146
2025-08-09,3,"Nadaprabhu Kempegowda Station, Majestic",0,5,1,0,0.0,0.0,0.0,0.0,0.7071067811865476,0.7071067811865476,-0.9749279121818236,-0.2225209339563146
2025-08-09,4,"Nadaprabhu Kempegowda Station, Majestic",208,5,1,0,0.0,138.0,69.33333333333333,208.0,0.8660254037844386,0.5000000000000001,-0.9749279121818236,-0.2225209339563146
2025-08-09,5,"Nadaprabhu Kempegowda Station, Majestic",558,5,1,0,208.0,580.0,255.33333333333334,350.0,0.9659258262890683,0.25881904510252074,-0.9749279121818236,-0.2225209339563146
2025-08-09,6,"Nadaprabhu Kempegowda Station, Majestic",1002,5,1,0,558.0,882.0,589.3333333333334,444.0,1.0,6.123233995736766e-17,-0.9749279121818236,-0.2225209339563146
2025-08-09,7,"Nadaprabhu Kempegowda Station, Majestic",1398,5,1,1,1002.0,1095.0,986.0,396.0,0.9659258262890683,-0.25881904510252063,-0.9749279121818236,-0.2225209339563146
2025-08-09,8,"Nadaprabhu Kempegowda Station, Majestic",1493,5,1,1,1398.0,1440.0,1297.6666666666667,95.0,0.8660254037844387,-0.4999999999999998,-0.9749279121818236,-0.2225209339563146
2025-08-09,9,"Nadaprabhu Kempegowda Station, Majestic",1829,5,1,1,1493.0,1781.0,1573.3333333333333,336.0,0.7071067811865476,-0.7071067811865475,-0.9749279121818236,-0.2225209339563146
2025-08-09,10,"Nadaprabhu Kempegowda Station, Majestic",1833,5,1,1,1829.0,1722.0,1718.3333333333333,4.0,0.49999999999999994,-0.8660254037844387,-0.9749279121818236,-0.2225209339563146
2025-08-09,11,"Nadaprabhu Kempegowda Station, Majestic",1946,5,1,0,1833.0,1481.0,1869.3333333333333,113.0,0.258819045102521,-0.9659258262890682,-0.9749279121818236,-0.2225209339563146
2025-08-09,12,"Nadaprabhu Kempegowda Station, Majestic",2157,5,1,0,1946.0,1592.0,1978.6666666666667,211.0,1.2246467991473532e-16,-1.0,-0.9749279121818236,-0.2225209339563146
2025-08-09,13,"Nadaprabhu Kempegowda Station, Majestic",2114,5,1,0,2157.0,1776.0,2072.3333333333335,-43.0,-0.2588190451025208,-0.9659258262890683,-0.9749279121818236,-0.2225209339563146
2025-08-09,14,"Nadaprabhu Kempegowda Station, Majestic",2043,5,1,0,2114.0,1625.0,2104.6666666666665,-71.0,-0.4999999999999997,-0.8660254037844388,-0.9749279121818236,-0.2225209339563146
2025-08-09,15,"Nadaprabhu Kempegowda Station, Majestic",1921,5,1,0,2043.0,1343.0,2026.0,-122.0,-0.7071067811865471,-0.7071067811865479,-0.9749279121818236,-0.2225209339563146
2025-08-09,16,"Nadaprabhu Kempegowda Station, Majestic",2087,5,1,0,1921.0,1638.0,2017.0,166.0,-0.8660254037844385,-0.5000000000000004,-0.9749279121818236,-0.2225209339563146
2025-08-09,17,"Nadaprabhu Kempegowda Station, Majestic",2363,5,1,1,2087.0,1941.0,2123.6666666666665,276.0,-0.9659258262890683,-0.25881904510252063,-0.9749279121818236,-0.2225209339563146
2025-08-09,18,"Nadaprabhu Kempegowda Station, Majestic",2242,5,1,1,2363.0,2095.0,2230.6666666666665,-121.0,-1.0,-1.8369701987210297e-16,-0.9749279121818236,-0.2225209339563146
2025-08-09,19,"Nadaprabhu Kempegowda Station, Majestic",2200,5,1,1,2242.0,1964.0,2268.3333333333335,-42.0,-0.9659258262890684,0.2588190451025203,-0.9749279121818236,-0.2225209339563146
2025-08-09,20,"Nadaprabhu Kempegowda Station, Majestic",1914,5,1,1,2200.0,1618.0,2118.6666666666665,-286.0,-0.8660254037844386,0.5000000000000001,-0.9749279121818236,-0.2225209339563146
2025-08-09,21,"Nadaprabhu Kempegowda Station, Majestic",1666,5,1,0,1914.0,1312.0,1926.6666666666667,-248.0,-0.7071067811865477,0.7071067811865474,-0.9749279121818236,-0.2225209339563146
2025-08-09,22,"Nadaprabhu Kempegowda Station, Majestic",1195,5,1,0,1666.0,767.0,1591.6666666666667,-471.0,-0.5000000000000004,0.8660254037844384,-0.9749279121818236,-0.2225209339563146
2025-08-09,23,"Nadaprabhu Kempegowda Station, Majestic",218,5,1,0,1195.0,164.0,1026.3333333333333,-977.0,-0.25881904510252157,0.9659258262890681,-0.9749279121818236,-0.2225209339563146
2025-08-10,0,"Nadaprabhu Kempegowda Station, Majestic",0,6,1,0,218.0,0.0,471.0,-218.0,0.0,1.0,-0.7818314824680299,0.6234898018587334
2025-08-10,1,"Nadaprabhu Kempegowda Station, Majestic",0,6,1,0,0.0,0.0,72.66666666666667,0.0,0.25881904510252074,0.9659258262890683,-0.7818314824680299,0.6234898018587334
2025-08-10,2,"Nadaprabhu Kempegowda Station, Majestic",0,6,1,0,0.0,0.0,0.0,0.0,0.49999999999999994,0.8660254037844387,-0.7818314824680299,0.6234898018587334
2025-08-10,3,"Nadaprabhu Kempegowda Station, Majestic",0,6,1,0,0.0,0.0,0.0,0.0,0.7071067811865476,0.7071067811865476,-0.7818314824680299,0.6234898018587334
2025-08-10,4,"Nadaprabhu Kempegowda Station, Majestic",0,6,1,0,0.0,208.0,0.0,0.0,0.8660254037844386,0.5000000000000001,-0.7818314824680299,0.6234898018587334
2025-08-10,5,"Nadaprabhu Kempegowda Station, Majestic",0,6,1,0,0.0,558.0,0.0,0.0,0.9659258262890683,0.25881904510252074,-0.7818314824680299,0.6234898018587334
2025-08-10,6,"Nadaprabhu Kempegowda Station, Majestic",657,6,1,0,0.0,1002.0,219.0,657.0,1.0,6.123233995736766e-17,-0.7818314824680299,0.6234898018587334
2025-08-10,7,"Nadaprabhu Kempegowda Station, Majestic",1649,6,1,1,657.0,1398.0,768.6666666666666,992.0,0.9659258262890683,-0.25881904510252063,-0.7818314824680299,0.6234898018587334
2025-08-10,8,"Nadaprabhu Kempegowda Station, Majestic",1592,6,1,1,1649.0,1493.0,1299.3333333333333,-57.0,0.8660254037844387,-0.4999999999999998,-0.7818314824680299,0.6234898018587334
2025-08-10,9,"Nadaprabhu Kempegowda Station, Majestic",1830,6,1,1,1592.0,1829.0,1690.3333333333333,238.0,0.7071067811865476,-0.7071067811865475,-0.7818314824680299,0.6234898018587334
2025-08-10,10,"Nadaprabhu Kempegowda Station, Majestic",2260,6,1,1,1830.0,1833.0,1894.0,430.0,0.49999999999999994,-0.8660254037844387,-0.7818314824680299,0.6234898018587334
2025-08-10,11,"Nadaprabhu Kempegowda Station, Majestic",3194,6,1,0,2260.0,1946.0,2428.0,934.0,0.258819045102521,-0.9659258262890682,-0.7818314824680299,0.6234898018587334
2025-08-10,12,"Nadaprabhu Kempegowda Station, Majestic",4365,6,1,0,3194.0,2157.0,3273.0,1171.0,1.2246467991473532e-16,-1.0,-0.7818314824680299,0.6234898018587334
2025-08-10,13,"Nadaprabhu Kempegowda Station, Majestic",3103,6,1,0,4365.0,2114.0,3554.0,-1262.0,-0.2588190451025208,-0.9659258262890683,-0.7818314824680299,0.6234898018587334
2025-08-10,14,"Nadaprabhu Kempegowda Station, Majestic",2319,6,1,0,3103.0,2043.0,3262.3333333333335,-784.0,-0.4999999999999997,-0.8660254037844388,-0.7818314824680299,0.6234898018587334
2025-08-10,15,"Nadaprabhu Kempegowda Station, Majestic",2575,6,1,0,2319.0,1921.0,2665.6666666666665,256.0,-0.7071067811865471,-0.7071067811865479,-0.7818314824680299,0.6234898018587334
2025-08-10,16,"Nadaprabhu Kempegowda Station, Majestic",2748,6,1,0,2575.0,2087.0,2547.3333333333335,173.0,-0.8660254037844385,-0.5000000000000004,-0.7818314824680299,0.6234898018587334
2025-08-10,17,"Nadaprabhu Kempegowda Station, Majestic",2919,6,1,1,2748.0,2363.0,2747.3333333333335,171.0,-0.9659258262890683,-0.25881904510252063,-0.7818314824680299,0.6234898018587334
2025-08-10,18,"Nadaprabhu Kempegowda Station, Majestic",2842,6,1,1,2919.0,2242.0,2836.3333333333335,-77.0,-1.0,-1.8369701987210297e-16,-0.7818314824680299,0.6234898018587334
2025-08-10,19,"Nadaprabhu Kempegowda Station, Majestic",2721,6,1,1,2842.0,2200.0,2827.3333333333335,-121.0,-0.9659258262890684,0.2588190451025203,-0.7818314824680299,0.6234898018587334
2025-08-10,20,"Nadaprabhu Kempegowda Station, Majestic",1888,6,1,1,2721.0,1914.0,2483.6666666666665,-833.0,-0.8660254037844386,0.5000000000000001,-0.7818314824680299,0.6234898018587334
2025-08-10,21,"Nadaprabhu Kempegowda Station, Majestic",1725,6,1,0,1888.0,1666.0,2111.3333333333335,-163.0,-0.7071067811865477,0.7071067811865474,-0.7818314824680299,0.6234898018587334
2025-08-10,22,"Nadaprabhu Kempegowda Station, Majestic",1400,6,1,0,1725.0,1195.0,1671.0,-325.0,-0.5000000000000004,0.8660254037844384,-0.7818314824680299,0.6234898018587334
2025-08-10,23,"Nadaprabhu Kempegowda Station, Majestic",479,6,1,0,1400.0,218.0,1201.3333333333333,-921.0,-0.25881904510252157,0.9659258262890681,-0.7818314824680299,0.6234898018587334
2025-08-11,0,"Nadaprabhu Kempegowda Station, Majestic",0,0,0,0,479.0,0.0,626.3333333333334,-479.0,0.0,1.0,0.0,1.0
2025-08-11,1,"Nadaprabhu Kempegowda Station, Majestic",0,0,0,0,0.0,0.0,159.66666666666666,0.0,0.25881904510252074,0.9659258262890683,0.0,1.0
2025-08-11,2,"Nadaprabhu Kempegowda Station, Majestic",0,0,0,0,0.0,0.0,0.0,0.0,0.49999999999999994,0.8660254037844387,0.0,1.0
2025-08-11,3,"Nadaprabhu Kempegowda Station, Majestic",16,0,0,0,0.0,0.0,5.333333333333333,16.0,0.7071067811865476,0.7071067811865476,0.0,1.0
2025-08-11,4,"Nadaprabhu Kempegowda Station, Majestic",756,0,0,0,16.0,0.0,257.3333333333333,740.0,0.8660254037844386,0.5000000000000001,0.0,1.0
2025-08-11,5,"Nadaprabhu Kempegowda Station, Majestic",1185,0,0,0,756.0,0.0,652.3333333333334,429.0,0.9659258262890683,0.25881904510252074,0.0,1.0
2025-08-11,6,"Nadaprabhu Kempegowda Station, Majestic",2050,0,0,0,1185.0,657.0,1330.3333333333333,865.0,1.0,6.123233995736766e-17,0.0,1.0
2025-08-11,7,"Nadaprabhu Kempegowda Station, Majestic",2582,0,0,1,2050.0,1649.0,1939.0,532.0,0.9659258262890683,-0.25881904510252063,0.0,1.0
2025-08-11,8,"Nadaprabhu Kempegowda Station, Majestic",2435,0,0,1,2582.0,1592.0,2355.6666666666665,-147.0,0.8660254037844387,-0.4999999999999998,0.0,1.0
2025-08-11,9,"Nadaprabhu Kempegowda Station, Majestic",3345,0,0,1,2435.0,1830.0,2787.3333333333335,910.0,0.7071067811865476,-0.7071067811865475,0.0,1.0
2025-08-11,10,"Nadaprabhu Kempegowda Station, Majestic",2239,0,0,1,3345.0,2260.0,2673.0,-1106.0,0.49999999999999994,-0.8660254037844387,0.0,1.0
2025-08-11,11,"Nadaprabhu Kempegowda Station, Majestic",2274,0,0,0,2239.0,3194.0,2619.3333333333335,35.0,0.258819045102521,-0.9659258262890682,0.0,1.0
2025-08-11,12,"Nadaprabhu Kempegowda Station, Majestic",2109,0,0,0,2274.0,4365.0,2207.3333333333335,-165.0,1.2246467991473532e-16,-1.0,0.0,1.0
2025-08-11,13,"Nadaprabhu Kempegowda Station, Majestic",2098,0,0,0,2109.0,3103.0,2160.3333333333335,-11.0,-0.2588190451025208,-0.9659258262890683,0.0,1.0
2025-08-11,14,"Nadaprabhu Kempegowda Station, Majestic",1818,0,0,0,2098.0,2319.0,2008.3333333333333,-280.0,-0.4999999999999997,-0.8660254037844388,0.0,1.0
2025-08-11,15,"Nadaprabhu Kempegowda Station, Majestic",1584,0,0,0,1818.0,2575.0,1833.3333333333333,-234.0,-0.7071067811865471,-0.7071067811865479,0.0,1.0
2025-08-11,16,"Nadaprabhu Kempegowda Station, Majestic",1912,0,0,0,1584.0,2748.0,1771.3333333333333,328.0,-0.8660254037844385,-0.5000000000000004,0.0,1.0
2025-08-11,17,"Nadaprabhu Kempegowda Station, Majestic",2493,0,0,1,1912.0,2919.0,1996.3333333333333,581.0,-0.9659258262890683,-0.25881904510252063,0.0,1.0
2025-08-11,18,"Nadaprabhu Kempegowda Station, Majestic",2821,0,0,1,2493.0,2842.0,2408.6666666666665,328.0,-1.0,-1.8369701987210297e-16,0.0,1.0
2025-08-11,19,"Nadaprabhu Kempegowda Station, Majestic",2703,0,0,1,2821.0,2721.0,2672.3333333333335,-118.0,-0.9659258262890684,0.2588190451025203,0.0,1.0
2025-08-11,20,"Nadaprabhu Kempegowda Station, Majestic",2285,0,0,1,2703.0,1888.0,2603.0,-418.0,-0.8660254037844386,0.5000000000000001,0.0,1.0
2025-08-11,21,"Nadaprabhu Kempegowda Station, Majestic",1711,0,0,0,2285.0,1725.0,2233.0,-574.0,-0.7071067811865477,0.7071067811865474,0.0,1.0
2025-08-11,22,"Nadaprabhu Kempegowda Station, Majestic",1054,0,0,0,1711.0,1400.0,1683.3333333333333,-657.0,-0.5000000000000004,0.8660254037844384,0.0,1.0
2025-08-11,23,"Nadaprabhu Kempegowda Station, Majestic",225,0,0,0,1054.0,479.0,996.6666666666666,-829.0,-0.25881904510252157,0.9659258262890681,0.0,1.0
2025-08-12,0,"Nadaprabhu Kempegowda Station, Majestic",0,1,0,0,225.0,0.0,426.3333333333333,-225.0,0.0,1.0,0.7818314824680298,0.6234898018587336
2025-08-12,1,"Nadaprabhu Kempegowda Station, Majestic",0,1,0,0,0.0,0.0,75.0,0.0,0.25881904510252074,0.9659258262890683,0.7818314824680298,0.6234898018587336
2025-08-12,2,"Nadaprabhu Kempegowda Station, Majestic",0,1,0,0,0.0,0.0,0.0,0.0,0.49999999999999994,0.8660254037844387,0.7818314824680298,0.6234898018587336
2025-08-12,3,"Nadaprabhu Kempegowda Station, Majestic",0,1,0,0,0.0,16.0,0.0,0.0,0.7071067811865476,0.7071067811865476,0.7818314824680298,0.6234898018587336
2025-08-12,4,"Nadaprabhu Kempegowda Station, Majestic",248,1,0,0,0.0,756.0,82.66666666666667,248.0,0.8660254037844386,0.5000000000000001,0.7818314824680298,0.6234898018587336
2025-08-12,5,"Nadaprabhu Kempegowda Station, Majestic",1165,1,0,0,248.0,1185.0,471.0,917.0,0.9659258262890683,0.25881904510252074,0.7818314824680298,0.6234898018587336
2025-08-12,6,"Nadaprabhu Kempegowda Station, Majestic",1445,1,0,0,1165.0,2050.0,952.6666666666666,280.0,1.0,6.123233995736766e-17,0.7818314824680298,0.6234898018587336
2025-08-12,7,"Nadaprabhu Kempegowda Station, Majestic",1761,1,0,1,1445.0,2582.0,1457.0,316.0,0.9659258262890683,-0.25881904510252063,0.7818314824680298,0.6234898018587336
2025-08-12,8,"Nadaprabhu Kempegowda Station, Majestic",2289,1,0,1,1761.0,2435.0,1831.6666666666667,528.0,0.8660254037844387,-0.4999999999999998,0.7818314824680298,0.6234898018587336
2025-08-12,9,"Nadaprabhu Kempegowda Station, Majestic",2423,1,0,1,2289.0,3345.0,2157.6666666666665,134.0,0.7071067811865476,-0.7071067811865475,0.7818314824680298,0.6234898018587336
2025-08-12,10,"Nadaprabhu Kempegowda Station, Majestic",1941,1,0,1,2423.0,2239.0,2217.6666666666665,-482.0,0.49999999999999994,-0.8660254037844387,0.7818314824680298,0.6234898018587336
2025-08-12,11,"Nadaprabhu Kempegowda Station, Majestic",1623,1,0,0,1941.0,2274.0,1995.6666666666667,-318.0,0.258819045102521,-0.9659258262890682,0.7818314824680298,0.6234898018587336
2025-08-12,12,"Nadaprabhu Kempegowda Station, Majestic",1741,1,0,0,1623.0,2109.0,1768.3333333333333,118.0,1.2246467991473532e-16,-1.0,0.7818314824680298,0.6234898018587336
2025-08-12,13,"Nadaprabhu Kempegowda Station, Majestic",1854,1,0,0,1741.0,2098.0,1739.3333333333333,113.0,-0.2588190451025208,-0.9659258262890683,0.7818314824680298,0.6234898018587336
2025-08-12,14,"Nadaprabhu Kempegowda Station, Majestic",1582,1,0,0,1854.0,1818.0,1725.6666666666667,-272.0,-0.4999999999999997,-0.8660254037844388,0.7818314824680298,0.6234898018587336
2025-08-12,15,"Nadaprabhu Kempegowda Station, Majestic",1465,1,0,0,1582.0,1584.0,1633.6666666666667,-117.0,-0.7071067811865471,-0.7071067811865479,0.7818314824680298,0.6234898018587336
2025-08-12,16,"Nadaprabhu Kempegowda Station, Majestic",1817,1,0,0,1465.0,1912.0,1621.3333333333333,352.0,-0.8660254037844385,-0.5000000000000004,0.7818314824680298,0.6234898018587336
2025-08-12,17,"Nadaprabhu Kempegowda Station, Majestic",2233,1,0,1,1817.0,2493.0,1838.3333333333333,416.0,-0.9659258262890683,-0.25881904510252063,0.7818314824680298,0.6234898018587336
2025-08-12,18,"Nadaprabhu Kempegowda Station, Majestic",2472,1,0,1,2233.0,2821.0,2174.0,239.0,-1.0,-1.8369701987210297e-16,0.7818314824680298,0.6234898018587336
2025-08-12,19,"Nadaprabhu Kempegowda Station, Majestic",2553,1,0,1,2472.0,2703.0,2419.3333333333335,81.0,-0.9659258262890684,0.2588190451025203,0.7818314824680298,0.6234898018587336
2025-08-12,20,"Nadaprabhu Kempegowda Station, Majestic",2007,1,0,1,2553.0,2285.0,2344.0,-546.0,-0.8660254037844386,0.5000000000000001,0.7818314824680298,0.6234898018587336
2025-08-12,21,"Nadaprabhu Kempegowda Station, Majestic",1426,1,0,0,2007.0,1711.0,1995.3333333333333,-581.0,-0.7071067811865477,0.7071067811865474,0.7818314824680298,0.6234898018587336
2025-08-12,22,"Nadaprabhu Kempegowda Station, Majestic",791,1,0,0,1426.0,1054.0,1408.0,-635.0,-0.5000000000000004,0.8660254037844384,0.7818314824680298,0.6234898018587336
2025-08-12,23,"Nadaprabhu Kempegowda Station, Majestic",158,1,0,0,791.0,225.0,791.6666666666666,-633.0,-0.25881904510252157,0.9659258262890681,0.7818314824680298,0.6234898018587336
2025-08-13,0,"Nadaprabhu Kempegowda Station, Majestic",0,2,0,0,158.0,0.0,316.3333333333333,-158.0,0.0,1.0,0.9749279121818236,-0.22252093395631434
2025-08-13,1,"Nadaprabhu Kempegowda Station, Majestic",0,2,0,0,0.0,0.0,52.666666666666664,0.0,0.25881904510252074,0.9659258262890683,0.9749279121818236,-0.22252093395631434
2025-08-13,2,"Nadaprabhu Kempegowda Station, Majestic",0,2,0,0,0.0,0.0,0.0,0.0,0.49999999999999994,0.8660254037844387,0.9749279121818236,-0.22252093395631434
2025-08-13,3,"Nadaprabhu Kempegowda Station, Majestic",0,2,0,0,0.0,0.0,0.0,0.0,0.7071067811865476,0.7071067811865476,0.9749279121818236,-0.22252093395631434
2025-08-13,4,"Nadaprabhu Kempegowda Station, Majestic",215,2,0,0,0.0,248.0,71.66666666666667,215.0,0.8660254037844386,0.5000000000000001,0.9749279121818236,-0.22252093395631434
2025-08-13,5,"Nadaprabhu Kempegowda Station, Majestic",651,2,0,0,215.0,1165.0,288.6666666666667,436.0,0.9659258262890683,0.25881904510252074,0.9749279121818236,-0.22252093395631434
2025-08-13,6,"Nadaprabhu Kempegowda Station, Majestic",1258,2,0,0,651.0,1445.0,708.0,607.0,1.0,6.123233995736766e-17,0.9749279121818236,-0.22252093395631434
2025-08-13,7,"Nadaprabhu Kempegowda Station, Majestic",1483,2,0,1,1258.0,1761.0,1130.6666666666667,225.0,0.9659258262890683,-0.25881904510252063,0.9749279121818236,-0.22252093395631434
2025-08-13,8,"Nadaprabhu Kempegowda Station, Majestic",2055,2,0,1,1483.0,2289.0,1598.6666666666667,572.0,0.8660254037844387,-0.4999999999999998,0.9749279121818236,-0.22252093395631434
2025-08-13,9,"Nadaprabhu Kempegowda Station, Majestic",2274,2,0,1,2055.0,2423.0,1937.3333333333333,219.0,0.7071067811865476,-0.7071067811865475,0.9749279121818236,-0.22252093395631434
2025-08-13,10,"Nadaprabhu Kempegowda Station, Majestic",1829,2,0,1,2274.0,1941.0,2052.6666666666665,-445.0,0.49999999999999994,-0.8660254037844387,0.9749279121818236,-0.22252093395631434
2025-08-13,11,"Nadaprabhu Kempegowda Station, Majestic",1628,2,0,0,1829.0,1623.0,1910.3333333333333,-201.0,0.258819045102521,-0.9659258262890682,0.9749279121818236,-0.22252093395631434
2025-08-13,12,"Nadaprabhu Kempegowda Station, Majestic",1639,2,0,0,1628.0,1741.0,1698.6666666666667,11.0,1.2246467991473532e-16,-1.0,0.9749279121818236,-0.22252093395631434
2025-08-13,13,"Nadaprabhu Kempegowda Station, Majestic",1701,2,0,0,1639.0,1854.0,1656.0,62.0,-0.2588190451025208,-0.9659258262890683,0.9749279121818236,-0.22252093395631434
2025-08-13,14,"Nadaprabhu Kempegowda Station, Majestic",1652,2,0,0,1701.0,1582.0,1664.0,-49.0,-0.4999999999999997,-0.8660254037844388,0.9749279121818236,-0.22252093395631434
2025-08-13,15,"Nadaprabhu Kempegowda Station, Majestic",1460,2,0,0,1652.0,1465.0,1604.3333333333333,-192.0,-0.7071067811865471,-0.7071067811865479,0.9749279121818236,-0.22252093395631434
2025-08-13,16,"Nadaprabhu Kempegowda Station, Majestic",1669,2,0,0,1460.0,1817.0,1593.6666666666667,209.0,-0.8660254037844385,-0.5000000000000004,0.9749279121818236,-0.22252093395631434
2025-08-13,17,"Nadaprabhu Kempegowda Station, Majestic",2326,2,0,1,1669.0,2233.0,1818.3333333333333,657.0,-0.9659258262890683,-0.25881904510252063,0.9749279121818236,-0.22252093395631434
2025-08-13,18,"Nadaprabhu Kempegowda Station, Majestic",2488,2,0,1,2326.0,2472.0,2161.0,162.0,-1.0,-1.8369701987210297e-16,0.9749279121818236,-0.22252093395631434
2025-08-13,19,"Nadaprabhu Kempegowda Station, Majestic",2656,2,0,1,2488.0,2553.0,2490.0,168.0,-0.9659258262890684,0.2588190451025203,0.9749279121818236,-0.22252093395631434
2025-08-13,20,"Nadaprabhu Kempegowda Station, Majestic",2165,2,0,1,2656.0,2007.0,2436.3333333333335,-491.0,-0.8660254037844386,0.5000000000000001,0.9749279121818236,-0.22252093395631434
2025-08-13,21,"Nadaprabhu Kempegowda Station, Majestic",1702,2,0,0,2165.0,1426.0,2174.3333333333335,-463.0,-0.7071067811865477,0.7071067811865474,0.9749279121818236,-0.22252093395631434
2025-08-13,22,"Nadaprabhu Kempegowda Station, Majestic",945,2,0,0,1702.0,791.0,1604.0,-757.0,-0.5000000000000004,0.8660254037844384,0.9749279121818236,-0.22252093395631434
2025-08-13,23,"Nadaprabhu Kempegowda Station, Majestic",179,2,0,0,945.0,158.0,942.0,-766.0,-0.25881904510252157,0.9659258262890681,0.9749279121818236,-0.22252093395631434
2025-08-14,0,"Nadaprabhu Kempegowda Station, Majestic",0,3,0,0,179.0,0.0,374.6666666666667,-179.0,0.0,1.0,0.43388373911755823,-0.900968867902419
2025-08-14,1,"Nadaprabhu Kempegowda Station, Majestic",0,3,0,0,0.0,0.0,59.666666666666664,0.0,0.25881904510252074,0.9659258262890683,0.43388373911755823,-0.900968867902419
2025-08-14,2,"Nadaprabhu Kempegowda Station, Majestic",0,3,0,0,0.0,0.0,0.0,0.0,0.49999999999999994,0.8660254037844387,0.43388373911755823,-0.900968867902419
2025-08-14,3,"Nadaprabhu Kempegowda Station, Majestic",0,3,0,0,0.0,0.0,0.0,0.0,0.7071067811865476,0.7071067811865476,0.43388373911755823,-0.900968867902419
2025-08-14,4,"Nadaprabhu Kempegowda Station, Majestic",160,3,0,0,0.0,215.0,53.333333333333336,160.0,0.8660254037844386,0.5000000000000001,0.43388373911755823,-0.900968867902419
2025-08-14,5,"Nadaprabhu Kempegowda Station, Majestic",699,3,0,0,160.0,651.0,286.3333333333333,539.0,0.9659258262890683,0.25881904510252074,0.43388373911755823,-0.900968867902419
2025-08-14,6,"Nadaprabhu Kempegowda Station, Majestic",1016,3,0,0,699.0,1258.0,625.0,317.0,1.0,6.123233995736766e-17,0.43388373911755823,-0.900968867902419
2025-08-14,7,"Nadaprabhu Kempegowda Station, Majestic",1525,3,0,1,1016.0,1483.0,1080.0,509.0,0.9659258262890683,-0.25881904510252063,0.43388373911755823,-0.900968867902419
2025-08-14,8,"Nadaprabhu Kempegowda Station, Majestic",2099,3,0,1,1525.0,2055.0,1546.6666666666667,574.0,0.8660254037844387,-0.4999999999999998,0.43388373911755823,-0.900968867902419
2025-08-14,9,"Nadaprabhu Kempegowda Station, Majestic",2543,3,0,1,2099.0,2274.0,2055.6666666666665,444.0,0.7071067811865476,-0.7071067811865475,0.43388373911755823,-0.900968867902419
2025-08-14,10,"Nadaprabhu Kempegowda Station, Majestic",1787,3,0,1,2543.0,1829.0,2143.0,-756.0,0.49999999999999994,-0.8660254037844387,0.43388373911755823,-0.900968867902419
2025-08-14,11,"Nadaprabhu Kempegowda Station, Majestic",1713,3,0,0,1787.0,1628.0,2014.3333333333333,-74.0,0.258819045102521,-0.9659258262890682,0.43388373911755823,-0.900968867902419
2025-08-14,12,"Nadaprabhu Kempegowda Station, Majestic",1611,3,0,0,1713.0,1639.0,1703.6666666666667,-102.0,1.2246467991473532e-16,-1.0,0.43388373911755823,-0.900968867902419
2025-08-14,13,"Nadaprabhu Kempegowda Station, Majestic",1814,3,0,0,1611.0,1701.0,1712.6666666666667,203.0,-0.2588190451025208,-0.9659258262890683,0.43388373911755823,-0.900968867902419
2025-08-14,14,"Nadaprabhu Kempegowda Station, Majestic",1759,3,0,0,1814.0,1652.0,1728.0,-55.0,-0.4999999999999997,-0.8660254037844388,0.43388373911755823,-0.900968867902419
2025-08-14,15,"Nadaprabhu Kempegowda Station, Majestic",1716,3,0,0,1759.0,1460.0,1763.0,-43.0,-0.7071067811865471,-0.7071067811865479,0.43388373911755823,-0.900968867902419
2025-08-14,16,"Nadaprabhu Kempegowda Station, Majestic",2316,3,0,0,1716.0,1669.0,1930.3333333333333,600.0,-0.8660254037844385,-0.5000000000000004,0.43388373911755823,-0.900968867902419
2025-08-14,17,"Nadaprabhu Kempegowda Station, Majestic",2502,3,0,1,2316.0,2326.0,2178.0,186.0,-0.9659258262890683,-0.25881904510252063,0.43388373911755823,-0.900968867902419
2025-08-14,18,"Nadaprabhu Kempegowda Station, Majestic",2819,3,0,1,2502.0,2488.0,2545.6666666666665,317.0,-1.0,-1.8369701987210297e-16,0.43388373911755823,-0.900968867902419
2025-08-14,19,"Nadaprabhu Kempegowda Station, Majestic",3230,3,0,1,2819.0,2656.0,2850.3333333333335,411.0,-0.9659258262890684,0.2588190451025203,0.43388373911755823,-0.900968867902419
2025-08-14,20,"Nadaprabhu Kempegowda Station, Majestic",2684,3,0,1,3230.0,2165.0,2911.0,-546.0,-0.8660254037844386,0.5000000000000001,0.43388373911755823,-0.900968867902419
2025-08-14,21,"Nadaprabhu Kempegowda Station, Majestic",2203,3,0,0,2684.0,1702.0,2705.6666666666665,-481.0,-0.7071067811865477,0.7071067811865474,0.43388373911755823,-0.900968867902419
2025-08-14,22,"Nadaprabhu Kempegowda Station, Majestic",1723,3,0,0,2203.0,945.0,2203.3333333333335,-480.0,-0.5000000000000004,0.8660254037844384,0.43388373911755823,-0.900968867902419
2025-08-14,23,"Nadaprabhu Kempegowda Station, Majestic",799,3,0,0,1723.0,179.0,1575.0,-924.0,-0.25881904510252157,0.9659258262890681,0.43388373911755823,-0.900968867902419
